timestamp,request_type,response_time_ms,cpu_usage,memory_usage,status_code,user_id,request_size_kb,response_size_kb,server_id
2026-06-01 00:06:40.206787597,login,117.67,79.85,58.47,200,98,19.07,41.41,srv-2
2026-06-01 00:07:17.320844313,search,269.53,54.71,80.12,200,64,9.03,52.66,srv-3
2026-06-01 00:07:57.110919479,checkout,739.03,36.76,36.6,200,71,22.23,77.92,srv-3
2026-06-01 00:10:00.664077894,view_product,250.19,57.13,54.68,200,42,18.87,120.33,srv-3
2026-06-01 00:13:14.625259676,view_product,302.89,5.0,61.41,200,48,30.42,100.32,srv-2
2026-06-01 00:15:36.373087897,view_product,166.09,46.72,56.23,200,74,8.63,208.31,srv-3
2026-06-01 00:15:50.039596092,view_product,370.95,54.61,53.87,200,81,24.13,81.87,srv-3
2026-06-01 00:16:20.954907905,view_product,200.08,63.64,42.01,200,30,16.07,59.39,srv-2
2026-06-01 00:17:30.146613200,login,158.81,28.34,57.33,200,21,6.28,41.5,srv-3
2026-06-01 00:18:43.366191327,search,277.16,49.31,47.43,200,60,3.33,42.34,srv-2
2026-06-01 00:18:51.361049232,login,68.49,29.03,33.1,200,13,8.17,75.45,srv-2
2026-06-01 00:20:43.597417610,payment,1362.63,63.22,66.95,200,1,14.1,29.97,srv-1
2026-06-01 00:20:56.659113704,checkout,1035.36,39.24,64.58,404,65,15.16,62.64,srv-1
2026-06-01 00:22:15.451668094,home,81.56,38.47,55.52,200,33,11.83,53.98,srv-2
2026-06-01 00:23:53.188419366,view_product,225.22,29.33,57.29,200,38,11.88,35.27,srv-2
2026-06-01 00:26:04.719882120,checkout,958.33,66.3,65.74,200,25,11.44,29.06,srv-1
2026-06-01 00:26:14.365736293,login,92.6,61.38,57.24,200,26,20.4,248.35,srv-3
2026-06-01 00:26:28.954453701,search,299.15,43.77,64.04,200,77,5.94,23.62,srv-3
2026-06-01 00:28:22.990461977,checkout,1056.38,56.25,52.03,200,59,13.93,52.42,srv-3
2026-06-01 00:28:54.151487995,home,58.02,19.51,68.12,200,92,8.07,113.7,srv-2
2026-06-01 00:29:38.500307157,view_product,243.81,42.04,58.21,200,33,7.74,75.0,srv-1
2026-06-01 00:32:21.348238858,search,223.92,46.34,56.94,200,41,21.94,41.09,srv-3
2026-06-01 00:33:30.695247575,checkout,941.87,99.0,42.3,200,30,7.45,26.7,srv-1
2026-06-01 00:35:00.899499677,payment,987.6,34.86,57.87,200,57,11.36,59.02,srv-1
2026-06-01 00:36:30.304231095,checkout,454.55,75.9,46.68,200,49,32.44,11.2,srv-2
2026-06-01 00:36:33.381129053,search,541.19,68.36,48.62,200,48,18.52,60.46,srv-3
2026-06-01 00:36:36.212550689,checkout,618.63,56.24,46.85,200,72,9.7,55.75,srv-1
2026-06-01 00:37:58.106596562,view_product,165.68,78.31,44.34,200,49,10.11,103.76,srv-2
2026-06-01 00:38:10.577230796,search,386.18,55.56,76.25,200,47,6.6,27.49,srv-2
2026-06-01 00:38:12.382414698,view_product,328.87,55.29,68.31,200,56,23.34,44.97,srv-2
2026-06-01 00:39:01.093752300,home,63.07,44.67,74.2,200,65,20.2,70.96,srv-3
2026-06-01 00:41:26.823233472,search,367.86,70.7,42.77,200,12,17.17,61.77,srv-3
2026-06-01 00:43:55.221594733,login,185.91,66.6,55.71,200,69,18.15,24.4,srv-2
2026-06-01 00:44:54.222869294,home,114.71,34.88,42.06,200,88,8.27,37.02,srv-3
2026-06-01 00:45:15.481643333,home,95.73,22.21,48.04,200,6,5.62,126.46,srv-3
2026-06-01 00:48:17.202361171,view_product,193.48,43.28,45.82,200,89,16.12,63.79,srv-1
2026-06-01 00:49:31.168224354,search,269.47,33.29,67.4,200,65,19.0,20.12,srv-2
2026-06-01 00:51:45.412456038,view_product,226.73,46.12,51.04,200,25,27.21,92.75,srv-2
2026-06-01 00:52:37.891302075,home,61.84,67.89,65.68,200,1,11.02,20.91,srv-3
2026-06-01 00:52:49.428729747,search,129.49,38.06,61.04,200,32,10.24,45.41,srv-2
2026-06-01 00:53:07.032251431,search,419.43,48.42,78.04,200,3,10.81,76.55,srv-2
2026-06-01 00:53:46.883507932,view_product,301.87,49.06,40.21,200,49,17.04,113.09,srv-2
2026-06-01 00:56:36.568882270,search,157.45,61.85,67.59,200,19,10.58,13.43,srv-3
2026-06-01 00:58:38.968520359,view_product,154.5,6.1,66.46,200,60,11.87,83.68,srv-3
2026-06-01 00:58:42.972230331,checkout,993.58,44.02,45.27,200,29,18.46,91.56,srv-3
2026-06-01 00:58:51.048445423,view_product,452.03,53.32,65.07,200,50,8.91,39.09,srv-1
2026-06-01 01:02:09.016392529,login,161.17,68.21,58.36,200,2,24.42,57.66,srv-2
2026-06-01 01:05:06.893097174,home,69.76,36.84,52.73,200,73,16.72,8.75,srv-1
2026-06-01 01:05:07.637761870,checkout,750.39,18.73,46.76,200,56,4.81,10.5,srv-3
2026-06-01 01:05:14.266444304,home,145.62,57.61,47.81,200,17,9.42,106.18,srv-1
2026-06-01 01:05:26.567261501,checkout,638.12,39.94,75.5,200,60,4.43,39.51,srv-2
2026-06-01 01:06:14.628270679,search,272.16,26.31,55.01,200,36,11.04,44.36,srv-2
2026-06-01 01:06:53.315659007,checkout,675.63,40.52,62.82,200,61,9.5,62.85,srv-3
2026-06-01 01:07:37.859529364,view_product,157.58,43.25,47.09,200,17,18.49,43.84,srv-3
2026-06-01 01:14:03.190285039,payment,1043.87,44.55,47.2,200,49,7.84,41.46,srv-1
2026-06-01 01:14:07.764107999,search,635.71,11.66,65.82,200,76,14.79,69.18,srv-3
2026-06-01 01:14:25.300708967,view_product,246.34,63.61,41.5,200,60,16.19,22.26,srv-1
2026-06-01 01:14:37.553581457,search,329.57,71.24,50.85,200,20,13.85,109.5,srv-2
2026-06-01 01:18:51.405594223,search,325.05,59.98,55.34,200,50,21.54,47.55,srv-2
2026-06-01 01:21:04.603018910,view_product,127.3,25.79,56.11,200,3,34.27,29.86,srv-2
2026-06-01 01:21:10.842910640,checkout,1089.75,52.27,53.21,200,43,12.88,27.55,srv-2
2026-06-01 01:22:53.076865438,payment,973.12,54.61,58.96,200,57,14.92,56.01,srv-2
2026-06-01 01:23:38.424091332,view_product,206.53,57.84,61.93,200,50,7.84,45.43,srv-1
2026-06-01 01:27:57.135731460,search,1100.69,68.04,62.35,200,68,7.32,21.56,srv-2
2026-06-01 01:31:15.597448847,search,399.68,35.78,45.14,200,81,20.43,38.05,srv-1
2026-06-01 01:31:31.441464712,view_product,169.1,48.17,52.16,200,50,19.12,33.6,srv-2
2026-06-01 01:33:40.457633928,login,137.82,54.61,66.95,200,37,7.28,116.41,srv-1
2026-06-01 01:34:37.226446609,home,134.53,72.55,63.95,200,46,6.33,59.04,srv-1
2026-06-01 01:35:45.277500489,search,374.56,61.43,41.27,200,42,8.81,139.99,srv-1
2026-06-01 01:36:35.407646360,search,217.61,61.38,58.51,200,15,11.35,35.66,srv-3
2026-06-01 01:39:52.816395614,search,496.62,51.48,35.22,200,33,9.93,45.85,srv-1
2026-06-01 01:41:37.139775397,login,126.64,71.65,55.47,503,80,13.2,68.85,srv-1
2026-06-01 01:42:30.699226963,home,173.38,54.11,73.98,200,11,19.27,78.45,srv-2
2026-06-01 01:44:46.723749866,home,131.34,30.81,45.52,200,20,15.35,84.15,srv-1
2026-06-01 01:46:16.023193138,payment,855.08,78.81,46.66,200,24,15.93,32.05,srv-1
2026-06-01 01:46:37.457909825,search,563.66,63.2,62.64,200,64,3.58,32.6,srv-3
2026-06-01 01:47:21.175613932,search,368.65,40.71,39.57,200,80,5.44,44.11,srv-2
2026-06-01 01:48:11.904341973,view_product,296.52,39.33,48.67,200,94,8.18,132.76,srv-3
2026-06-01 01:49:14.591548588,login,189.58,52.23,60.96,200,98,8.88,29.95,srv-3
2026-06-01 01:50:51.064209207,checkout,594.9,59.29,48.66,200,65,18.54,39.8,srv-3
2026-06-01 01:51:56.272633774,view_product,175.63,50.31,52.64,200,88,7.85,84.6,srv-1
2026-06-01 01:52:58.631347971,home,129.06,51.89,62.44,200,88,17.0,81.93,srv-3
2026-06-01 01:55:32.195625165,search,320.2,78.8,59.22,200,73,8.23,76.19,srv-3
2026-06-01 01:57:08.534647460,checkout,694.6,71.23,57.67,200,86,6.68,57.31,srv-2
2026-06-01 01:57:43.980360382,checkout,572.68,54.16,51.61,200,76,6.84,28.82,srv-2
2026-06-01 01:59:13.804908730,search,417.53,66.12,58.7,404,17,37.68,36.07,srv-2
2026-06-01 02:00:14.461922764,view_product,452.83,30.94,53.76,400,89,8.14,107.33,srv-2
2026-06-01 02:01:06.828048335,login,110.12,53.26,59.58,200,92,17.21,86.85,srv-3
2026-06-01 02:01:09.692975572,payment,1008.51,87.65,50.03,200,61,5.59,24.51,srv-2
2026-06-01 02:02:09.978496960,login,262.29,43.7,53.17,200,15,24.77,91.99,srv-1
2026-06-01 02:02:54.020975461,checkout,778.01,37.52,45.1,404,94,14.51,119.73,srv-3
2026-06-01 02:02:54.211321994,view_product,257.74,35.84,54.65,200,51,13.97,56.39,srv-2
2026-06-01 02:03:07.937065826,view_product,151.68,26.9,46.89,200,27,14.98,70.51,srv-3
2026-06-01 02:05:09.912890753,search,418.22,35.06,43.86,200,86,15.83,100.17,srv-2
2026-06-01 02:07:25.752177285,login,149.86,39.83,57.59,200,74,18.26,35.97,srv-3
2026-06-01 02:07:43.898916609,login,225.92,21.96,57.13,200,61,9.03,220.91,srv-2
2026-06-01 02:10:01.036132700,login,242.44,47.71,62.83,200,58,8.77,113.73,srv-1
2026-06-01 02:11:20.207303406,login,396.04,65.2,50.69,200,31,12.49,74.77,srv-2
2026-06-01 02:11:27.168874321,view_product,269.48,31.36,59.08,200,91,17.15,53.48,srv-3
2026-06-01 02:11:52.691135421,search,403.48,76.38,60.51,200,12,11.78,73.47,srv-3
2026-06-01 02:14:04.079138429,home,96.34,55.16,59.45,200,46,17.94,21.41,srv-1
2026-06-01 02:14:53.499940347,payment,883.73,72.39,46.74,200,31,16.59,190.42,srv-3
2026-06-01 02:15:20.039602251,checkout,900.62,42.17,56.49,200,32,10.93,107.48,srv-1
2026-06-01 02:15:59.871809312,checkout,721.42,67.6,58.64,200,32,5.09,131.42,srv-3
2026-06-01 02:19:56.049061794,payment,1060.73,35.95,55.07,200,99,9.47,55.62,srv-3
2026-06-01 02:20:38.870650151,login,253.75,63.56,34.14,200,53,29.12,43.98,srv-1
2026-06-01 02:20:52.871480246,search,253.11,50.62,56.6,200,61,14.44,36.43,srv-3
2026-06-01 02:23:11.736334407,view_product,327.86,58.24,77.13,200,46,8.85,88.96,srv-3
2026-06-01 02:25:07.219319009,view_product,348.84,27.33,51.4,200,85,13.81,40.14,srv-1
2026-06-01 02:25:36.999217009,login,153.52,30.42,47.72,200,74,17.09,48.79,srv-2
2026-06-01 02:26:07.141303625,view_product,104.69,56.8,58.73,200,80,8.85,75.78,srv-1
2026-06-01 02:26:34.005634402,login,129.34,29.22,58.12,200,7,22.59,36.76,srv-3
2026-06-01 02:28:29.902267424,login,251.92,55.86,66.93,200,4,15.61,102.14,srv-2
2026-06-01 02:29:54.981483467,search,357.13,23.96,42.42,200,91,7.03,54.02,srv-2
2026-06-01 02:33:30.089070757,search,253.75,62.8,62.31,200,52,18.69,22.09,srv-2
2026-06-01 02:34:19.661779756,search,301.7,25.83,60.9,200,89,9.93,36.53,srv-1
2026-06-01 02:35:21.819292221,home,120.79,56.15,53.58,200,31,11.14,119.69,srv-2
2026-06-01 02:38:28.486279191,checkout,968.71,65.95,58.39,200,75,7.33,31.12,srv-2
2026-06-01 02:39:18.582072929,search,331.12,35.77,65.29,200,84,16.71,93.36,srv-2
2026-06-01 02:40:07.462471251,home,79.16,56.27,63.72,200,36,11.31,58.73,srv-3
2026-06-01 02:41:20.161147319,checkout,697.5,56.66,43.57,200,54,17.06,49.25,srv-1
2026-06-01 02:43:03.767160641,payment,724.09,42.54,63.2,200,54,9.25,246.55,srv-1
2026-06-01 02:43:24.112235186,checkout,1408.1,40.93,54.35,200,17,8.73,25.27,srv-3
2026-06-01 02:43:31.375966047,view_product,196.53,11.64,55.73,200,75,8.39,35.02,srv-2
2026-06-01 02:45:21.901657467,view_product,336.85,54.66,55.73,200,30,14.85,53.84,srv-3
2026-06-01 02:46:51.086742971,search,613.12,22.96,53.5,200,99,8.67,232.63,srv-3
2026-06-01 02:47:08.676139797,home,127.64,47.99,66.92,200,22,11.01,53.91,srv-2
2026-06-01 02:48:19.990717202,search,309.52,43.35,54.16,200,43,9.4,64.36,srv-2
2026-06-01 02:48:34.590219345,search,414.64,61.37,43.8,200,27,15.18,44.63,srv-1
2026-06-01 02:49:14.267721541,search,356.96,43.13,51.06,200,37,5.12,67.71,srv-2
2026-06-01 02:49:33.693561708,view_product,160.35,40.67,56.79,200,46,13.78,46.33,srv-3
2026-06-01 02:50:09.441106511,search,403.28,62.21,67.29,200,35,28.95,82.86,srv-3
2026-06-01 02:51:05.867965561,home,59.57,51.63,61.03,200,4,22.6,86.88,srv-2
2026-06-01 02:52:12.942849069,login,242.47,53.12,46.49,200,80,8.95,47.44,srv-1
2026-06-01 02:52:27.448189183,view_product,186.98,55.32,79.85,200,80,15.6,27.79,srv-3
2026-06-01 02:52:36.367737630,home,96.56,18.33,57.65,200,85,14.16,57.75,srv-2
2026-06-01 02:53:42.939263091,checkout,883.39,67.46,67.75,200,26,25.4,126.63,srv-1
2026-06-01 02:55:44.103490588,search,328.81,59.31,53.48,200,19,3.47,33.25,srv-1
2026-06-01 02:58:59.280109151,search,442.06,31.12,60.33,200,81,21.25,66.71,srv-3
2026-06-01 02:59:30.855655962,search,304.87,43.66,63.39,200,45,10.66,26.48,srv-3
2026-06-01 03:02:58.028293122,view_product,298.44,47.28,67.18,200,26,8.4,29.26,srv-1
2026-06-01 03:03:35.020425483,search,224.76,44.83,65.57,200,22,8.28,119.13,srv-1
2026-06-01 03:03:42.938161536,view_product,229.95,53.31,63.72,200,58,6.36,82.68,srv-1
2026-06-01 03:04:23.160485951,search,709.62,77.86,51.85,200,63,8.96,67.31,srv-2
2026-06-01 03:05:35.207973080,search,253.66,67.01,49.28,200,28,7.1,13.56,srv-3
2026-06-01 03:05:59.373469089,checkout,631.06,27.69,58.33,200,65,13.33,39.18,srv-1
2026-06-01 03:12:58.915738135,view_product,263.35,58.83,64.33,200,44,16.36,78.58,srv-3
2026-06-01 03:13:33.428087527,view_product,234.27,71.26,52.77,200,43,10.72,22.89,srv-3
2026-06-01 03:16:22.495490696,checkout,904.45,61.01,65.65,200,37,25.79,44.15,srv-3
2026-06-01 03:17:01.129711398,checkout,949.4,74.13,69.53,200,66,9.26,86.49,srv-1
2026-06-01 03:17:06.918437944,view_product,274.73,83.97,45.84,200,17,10.44,22.05,srv-2
2026-06-01 03:18:01.809574213,view_product,324.41,66.67,46.63,200,40,9.62,19.93,srv-1
2026-06-01 03:19:54.667716909,view_product,253.93,52.03,53.6,200,38,16.43,22.28,srv-3
2026-06-01 03:20:33.107078116,view_product,202.19,65.83,58.08,200,85,17.28,66.73,srv-1
2026-06-01 03:20:40.364799892,view_product,278.39,50.39,49.75,200,61,15.61,39.09,srv-1
2026-06-01 03:20:52.269560336,view_product,427.77,49.71,68.52,200,9,11.45,92.46,srv-3
2026-06-01 03:21:16.333340511,login,152.74,40.2,59.24,200,77,6.23,58.71,srv-3
2026-06-01 03:21:43.258916435,checkout,568.8,78.83,55.39,200,75,10.38,168.73,srv-1
2026-06-01 03:21:45.778386221,checkout,1178.61,42.05,40.64,200,61,25.51,25.98,srv-1
2026-06-01 03:22:50.046560814,home,86.29,73.45,41.84,200,80,20.22,66.62,srv-1
2026-06-01 03:22:55.853037819,view_product,102.84,55.03,57.81,200,16,14.11,33.88,srv-1
2026-06-01 03:25:54.481329365,home,121.07,21.02,33.67,200,2,10.05,78.27,srv-2
2026-06-01 03:28:38.916948681,search,298.49,54.6,65.13,200,72,12.1,58.67,srv-1
2026-06-01 03:31:47.148752268,view_product,213.14,9.33,53.42,200,43,10.07,30.09,srv-2
2026-06-01 03:34:04.459677868,login,179.71,58.06,87.43,200,42,22.12,49.69,srv-3
2026-06-01 03:35:52.865722934,view_product,235.17,63.29,78.08,200,77,8.01,57.05,srv-2
2026-06-01 03:36:36.019391344,view_product,282.01,37.16,53.19,200,57,19.33,38.11,srv-3
2026-06-01 03:38:24.709608909,search,309.11,50.31,53.94,200,81,9.35,84.46,srv-2
2026-06-01 03:38:44.392719462,home,107.71,81.25,64.96,200,88,23.58,29.41,srv-3
2026-06-01 03:39:39.373307792,search,328.74,39.18,72.03,200,67,15.08,191.45,srv-1
2026-06-01 03:40:07.029625526,view_product,284.92,28.79,38.62,404,30,8.38,96.76,srv-2
2026-06-01 03:40:49.561229229,payment,1240.33,84.07,37.14,200,13,10.44,67.31,srv-2
2026-06-01 03:42:16.938599691,view_product,158.57,81.91,48.78,200,19,17.39,301.02,srv-3
2026-06-01 03:43:32.757248413,search,526.47,50.33,60.83,200,7,9.49,45.35,srv-3
2026-06-01 03:44:37.926557047,view_product,182.37,65.03,59.97,200,9,12.32,78.79,srv-2
2026-06-01 03:44:40.010534226,search,477.67,73.92,65.7,500,83,9.43,62.4,srv-3
2026-06-01 03:44:51.584412438,view_product,250.18,34.14,43.0,200,54,29.36,88.1,srv-1
2026-06-01 03:45:16.160486781,home,171.26,37.98,31.84,200,86,31.99,133.98,srv-2
2026-06-01 03:51:22.870649625,view_product,203.45,69.19,63.58,200,82,25.32,75.9,srv-1
2026-06-01 03:51:33.815642471,search,318.57,78.52,46.72,200,61,11.45,102.01,srv-2
2026-06-01 03:52:09.519218745,payment,993.23,65.06,34.82,200,87,9.96,39.24,srv-1
2026-06-01 03:52:44.720897774,search,323.76,32.4,56.45,200,2,8.25,48.25,srv-2
2026-06-01 03:54:10.103559398,view_product,291.08,83.68,62.93,200,50,26.26,145.91,srv-3
2026-06-01 03:54:37.534499835,checkout,454.37,39.99,53.78,200,75,19.4,78.11,srv-2
2026-06-01 03:55:39.873463596,home,62.24,39.59,50.42,200,31,19.87,63.37,srv-1
2026-06-01 03:56:32.564941237,checkout,550.53,56.67,53.41,200,33,10.75,34.75,srv-2
2026-06-01 03:59:26.883060525,view_product,306.81,76.04,51.29,200,78,5.06,97.51,srv-1
2026-06-01 04:03:15.989449435,home,163.78,62.01,41.52,200,80,5.67,34.16,srv-1
2026-06-01 04:04:04.173313678,search,347.08,55.94,47.85,200,11,12.54,28.63,srv-1
2026-06-01 04:05:33.284286581,view_product,207.38,55.41,60.21,200,33,9.38,58.5,srv-3
2026-06-01 04:06:04.687550501,home,92.23,46.71,58.22,200,7,8.86,12.92,srv-2
2026-06-01 04:07:13.090297293,search,540.64,60.45,56.68,200,31,14.48,78.78,srv-1
2026-06-01 04:08:08.436871820,search,260.22,5.0,45.05,200,48,20.22,68.45,srv-3
2026-06-01 04:09:24.641560225,view_product,239.14,42.05,53.18,200,47,8.58,44.18,srv-1
2026-06-01 04:09:32.629254121,home,126.61,50.61,33.23,200,78,6.34,46.65,srv-2
2026-06-01 04:09:39.478633466,checkout,953.36,33.82,56.78,200,92,8.68,50.83,srv-3
2026-06-01 04:11:05.259466031,payment,1068.6,62.64,69.29,200,53,7.23,34.01,srv-1
2026-06-01 04:12:32.078473066,payment,1419.59,55.52,40.26,200,80,16.39,60.99,srv-1
2026-06-01 04:13:59.835634137,view_product,85.41,77.45,49.14,200,19,12.16,47.01,srv-1
2026-06-01 04:14:53.705841510,home,114.1,74.46,58.29,200,81,31.19,58.41,srv-2
2026-06-01 04:15:02.362700769,view_product,174.99,38.37,67.53,200,90,17.59,49.73,srv-3
2026-06-01 04:15:30.776582568,home,47.42,42.76,50.52,200,6,30.17,44.19,srv-3
2026-06-01 04:16:22.307537546,home,107.63,44.75,48.08,200,49,6.04,64.53,srv-3
2026-06-01 04:17:06.258801494,search,582.24,42.69,35.31,200,73,2.4,87.24,srv-1
2026-06-01 04:20:58.536916713,search,343.09,51.94,56.03,200,50,13.76,39.85,srv-3
2026-06-01 04:21:16.021591758,view_product,307.09,34.42,75.42,200,81,12.96,69.22,srv-1
2026-06-01 04:21:30.042731643,view_product,386.81,28.52,57.77,200,95,11.46,74.56,srv-2
2026-06-01 04:21:49.677166693,search,570.39,61.91,54.78,200,12,12.78,25.27,srv-3
2026-06-01 04:21:54.439292086,search,639.12,62.72,58.22,200,23,6.94,98.09,srv-1
2026-06-01 04:21:58.590474791,payment,1296.6,43.49,54.89,404,54,16.14,187.52,srv-3
2026-06-01 04:24:06.149651336,search,369.63,64.81,46.87,200,69,17.6,51.79,srv-3
2026-06-01 04:25:42.616072391,search,205.49,35.69,63.23,200,59,6.69,49.27,srv-2
2026-06-01 04:26:11.424957405,login,146.8,51.02,57.26,200,36,10.21,48.05,srv-3
2026-06-01 04:28:35.199298547,view_product,163.77,61.4,55.18,404,3,10.53,79.23,srv-2
2026-06-01 04:28:39.390878032,view_product,470.34,49.1,45.25,200,58,8.71,74.18,srv-3
2026-06-01 04:28:39.653087753,login,150.45,54.69,68.04,200,88,6.82,21.02,srv-3
2026-06-01 04:29:20.579875370,home,93.97,36.64,61.65,200,55,12.26,32.47,srv-3
2026-06-01 04:30:53.668200132,view_product,266.84,44.13,49.47,200,57,13.88,74.02,srv-3
2026-06-01 04:34:35.419065340,view_product,223.38,43.53,65.02,400,17,8.98,50.05,srv-3
2026-06-01 04:36:53.771225069,search,651.56,38.08,50.02,200,39,7.06,27.12,srv-3
2026-06-01 04:41:08.994145751,payment,804.18,49.86,47.18,200,90,14.96,134.31,srv-2
2026-06-01 04:41:56.354045795,login,171.28,18.84,47.4,200,68,8.3,33.79,srv-2
2026-06-01 04:42:12.919313014,search,277.62,38.94,37.29,200,55,10.44,55.78,srv-1
2026-06-01 04:46:09.034884552,checkout,504.01,44.91,59.72,200,45,9.8,49.26,srv-3
2026-06-01 04:47:31.814778482,search,290.61,43.29,36.69,200,76,22.71,28.58,srv-2
2026-06-01 04:50:20.600452125,view_product,217.17,42.82,42.72,200,1,8.49,61.01,srv-3
2026-06-01 04:55:10.643123926,search,309.78,46.99,34.24,200,21,28.87,69.08,srv-3
2026-06-01 04:55:24.064937645,search,282.52,56.46,54.14,200,83,17.75,41.24,srv-2
2026-06-01 04:57:07.233270260,payment,611.27,66.85,53.5,200,21,30.28,44.62,srv-3
2026-06-01 04:57:14.797880116,search,349.68,36.8,51.73,200,52,16.98,78.28,srv-2
2026-06-01 04:59:21.372444616,checkout,472.46,28.07,44.57,200,82,10.91,16.69,srv-2
2026-06-01 05:01:27.781536291,login,208.76,28.33,43.28,200,43,7.7,32.88,srv-1
2026-06-01 05:02:15.843243458,login,164.68,37.88,59.64,200,52,10.2,62.06,srv-1
2026-06-01 05:04:29.107804501,home,54.04,39.21,49.49,200,67,25.63,39.8,srv-1
2026-06-01 05:05:46.099162603,view_product,197.43,33.11,58.16,200,44,11.89,39.46,srv-1
2026-06-01 05:06:40.103554369,search,276.68,24.44,46.15,200,32,16.95,93.79,srv-3
2026-06-01 05:09:30.848710241,checkout,894.55,45.74,56.81,200,10,13.51,37.34,srv-3
2026-06-01 05:10:46.936775727,search,575.51,54.02,68.03,200,64,13.8,179.02,srv-1
2026-06-01 05:19:38.394791006,payment,518.76,60.9,60.86,200,79,14.07,19.05,srv-2
2026-06-01 05:19:50.114824671,login,166.57,36.63,50.88,200,69,15.61,14.48,srv-2
2026-06-01 05:21:58.680448080,checkout,756.4,45.13,57.57,200,68,8.11,92.51,srv-2
2026-06-01 05:22:56.868337392,view_product,278.27,31.1,52.59,200,28,10.62,30.25,srv-2
2026-06-01 05:23:25.856702014,view_product,237.04,46.8,55.08,200,53,14.22,30.56,srv-3
2026-06-01 05:26:09.234977101,view_product,169.09,31.42,51.74,200,51,13.22,98.58,srv-2
2026-06-01 05:28:13.598043623,view_product,196.75,57.28,53.36,200,53,9.67,40.51,srv-2
2026-06-01 05:29:14.738395499,view_product,166.5,14.52,57.12,200,4,15.0,94.28,srv-1
2026-06-01 05:29:28.161498476,home,131.16,39.84,45.07,200,79,8.28,37.85,srv-2
2026-06-01 05:30:07.320548100,home,90.67,51.33,44.84,200,17,6.61,67.86,srv-3
2026-06-01 05:32:44.862425209,checkout,1556.24,63.87,41.11,200,67,14.12,40.17,srv-2
2026-06-01 05:34:23.176860685,view_product,215.38,95.63,39.0,200,74,6.69,31.44,srv-2
2026-06-01 05:41:36.394805989,view_product,171.69,53.01,42.83,200,47,14.01,154.22,srv-3
2026-06-01 05:41:38.321159723,search,211.94,29.05,56.59,200,56,4.58,106.68,srv-1
2026-06-01 05:42:11.883800943,home,47.88,43.76,46.07,200,23,8.48,35.3,srv-3
2026-06-01 05:42:58.992282437,home,51.7,13.54,60.14,200,18,10.34,49.06,srv-1
2026-06-01 05:44:58.147353626,view_product,241.56,45.96,55.35,200,1,5.46,132.39,srv-2
2026-06-01 05:45:48.581462435,search,430.16,34.31,35.31,200,35,10.11,30.18,srv-1
2026-06-01 05:48:16.037933799,login,92.0,62.4,61.55,200,64,22.03,31.17,srv-1
2026-06-01 05:48:33.575458593,search,492.44,40.03,63.11,200,58,6.45,72.39,srv-1
2026-06-01 05:49:04.200880662,home,76.0,43.66,45.06,200,95,10.25,213.21,srv-2
2026-06-01 05:49:09.451514040,search,378.98,37.35,59.2,200,59,28.54,56.39,srv-1
2026-06-01 05:50:10.077302352,search,632.94,82.63,46.44,200,1,7.16,102.5,srv-1
2026-06-01 05:51:20.705187952,view_product,301.12,42.23,55.98,200,3,24.5,29.65,srv-2
2026-06-01 05:53:18.163076466,search,327.71,81.26,42.36,200,67,10.6,67.8,srv-3
2026-06-01 05:54:10.747732421,search,263.54,62.29,37.07,200,37,12.82,44.0,srv-3
2026-06-01 05:54:49.135671858,home,42.38,54.1,51.17,200,83,23.24,167.33,srv-3
2026-06-01 05:56:10.875990612,home,69.97,52.34,53.76,200,29,9.56,142.48,srv-2
2026-06-01 05:56:43.957492900,search,334.36,55.43,51.02,200,89,16.7,214.36,srv-2
2026-06-01 05:57:49.461679969,search,254.83,12.85,43.16,200,33,18.96,35.97,srv-3
2026-06-01 05:58:58.848598462,view_product,210.12,42.08,51.0,200,61,8.8,55.77,srv-1
2026-06-01 06:00:20.986401421,search,369.81,63.91,57.69,200,93,8.33,68.38,srv-3
2026-06-01 06:02:33.990359311,view_product,203.35,46.15,54.55,200,90,10.87,36.82,srv-2
2026-06-01 06:02:35.438689560,checkout,637.22,26.08,56.83,200,4,11.04,59.06,srv-1
2026-06-01 06:03:30.551991323,view_product,233.38,46.39,48.3,200,14,7.1,94.2,srv-1
2026-06-01 06:06:40.952571589,home,105.06,76.72,66.72,200,91,8.84,39.24,srv-2
2026-06-01 06:11:21.496021428,search,245.79,69.9,43.24,200,33,2.15,35.8,srv-1
2026-06-01 06:11:22.804256682,home,147.47,45.36,59.88,200,22,10.31,34.41,srv-3
2026-06-01 06:11:26.156634589,login,154.57,63.67,66.82,200,48,19.05,24.38,srv-2
2026-06-01 06:11:52.315149030,payment,1006.62,48.47,59.81,200,3,5.29,91.14,srv-2
2026-06-01 06:12:38.590410241,home,115.32,15.48,52.97,200,87,9.66,35.75,srv-2
2026-06-01 06:13:34.184648463,search,390.62,32.27,49.72,200,85,41.31,33.56,srv-2
2026-06-01 06:17:39.613427504,view_product,307.12,76.2,65.36,200,23,12.05,75.0,srv-1
2026-06-01 06:21:53.484567701,view_product,243.26,42.5,40.77,200,68,24.01,54.25,srv-2
2026-06-01 06:26:00.698567096,search,290.54,43.52,45.3,200,21,7.35,39.83,srv-2
2026-06-01 06:26:53.723850859,home,102.14,40.62,51.02,200,43,15.25,88.8,srv-1
2026-06-01 06:27:42.615154026,search,241.24,81.69,67.38,200,95,6.75,38.89,srv-2
2026-06-01 06:29:52.339759603,search,373.94,78.01,58.8,200,85,14.89,14.79,srv-1
2026-06-01 06:29:59.906509043,home,88.96,85.83,45.32,200,26,18.56,121.5,srv-1
2026-06-01 06:30:44.556345264,search,334.71,45.48,51.9,200,41,16.49,33.22,srv-2
2026-06-01 06:31:53.339856668,home,86.04,51.18,48.86,200,99,10.25,35.47,srv-3
2026-06-01 06:32:07.353011273,home,46.58,18.17,47.9,200,38,13.98,35.56,srv-2
2026-06-01 06:33:42.371014813,search,297.09,74.56,64.79,200,88,14.04,56.59,srv-3
2026-06-01 06:34:38.371067374,home,92.97,24.91,41.28,200,11,17.0,46.31,srv-1
2026-06-01 06:38:42.228799918,search,380.72,52.71,71.09,200,29,11.45,98.77,srv-3
2026-06-01 06:39:25.734209569,view_product,153.54,26.78,63.28,200,60,19.41,146.51,srv-2
2026-06-01 06:41:10.205292361,view_product,342.62,37.83,65.91,200,67,24.96,36.32,srv-2
2026-06-01 06:41:15.054510043,login,118.16,31.11,50.37,200,65,10.39,31.1,srv-3
2026-06-01 06:43:06.288696129,login,224.64,36.3,53.5,200,61,12.47,39.92,srv-2
2026-06-01 06:43:10.193692248,home,104.51,36.34,40.67,200,19,7.75,71.05,srv-3
2026-06-01 06:44:18.732114889,view_product,175.47,36.89,49.75,200,46,14.44,50.92,srv-1
2026-06-01 06:44:32.741636989,view_product,409.52,64.1,59.94,200,49,14.49,40.44,srv-3
2026-06-01 06:44:35.219580768,home,59.27,25.71,67.96,200,22,12.54,25.07,srv-3
2026-06-01 06:45:52.252540421,checkout,1103.58,60.01,43.93,200,78,13.02,14.51,srv-3
2026-06-01 06:46:07.787070160,home,127.74,68.2,51.34,200,57,31.85,29.88,srv-3
2026-06-01 06:48:38.238261009,search,284.69,38.61,53.49,200,14,2.88,116.59,srv-1
2026-06-01 06:50:10.218714213,view_product,358.16,35.66,41.04,200,44,9.5,70.92,srv-1
2026-06-01 06:50:32.222575148,checkout,732.96,48.18,60.91,200,16,10.26,48.67,srv-1
2026-06-01 06:51:25.524254752,view_product,243.39,68.67,47.76,200,97,25.24,84.59,srv-3
2026-06-01 06:52:37.164183883,view_product,240.99,50.9,53.05,200,77,15.45,25.21,srv-1
2026-06-01 06:55:37.679799958,search,343.47,38.87,50.48,200,12,15.64,56.49,srv-2
2026-06-01 06:55:43.138856988,view_product,292.19,56.63,47.11,200,55,22.87,18.69,srv-1
2026-06-01 06:57:14.525531749,home,118.81,26.35,54.93,200,51,11.13,67.2,srv-3
2026-06-01 06:59:22.197713110,checkout,433.82,61.6,52.84,200,39,16.88,63.8,srv-2
2026-06-01 07:00:41.297633442,search,568.29,58.04,51.28,200,33,9.34,64.71,srv-3
2026-06-01 07:02:07.963894551,view_product,122.95,40.69,47.72,200,33,7.19,110.01,srv-2
2026-06-01 07:02:13.410674712,search,516.72,35.07,58.2,200,29,29.88,86.97,srv-3
2026-06-01 07:02:46.335344452,view_product,326.35,32.3,71.54,200,69,14.65,26.43,srv-3
2026-06-01 07:04:00.384274812,search,245.74,57.08,56.4,200,70,16.82,111.01,srv-2
2026-06-01 07:04:01.841624421,view_product,190.54,69.03,64.96,404,31,7.1,48.15,srv-1
2026-06-01 07:07:51.316229842,home,61.12,34.14,41.1,200,80,15.72,16.74,srv-2
2026-06-01 07:13:15.885968168,home,83.48,54.09,56.58,200,31,29.64,51.15,srv-2
2026-06-01 07:13:59.048327781,login,143.65,8.87,44.03,200,89,10.6,80.5,srv-2
2026-06-01 07:18:06.529791704,login,210.2,36.58,40.23,200,46,6.5,29.72,srv-2
2026-06-01 07:18:38.629656579,checkout,1265.5,57.1,47.61,200,97,13.36,121.48,srv-2
2026-06-01 07:25:43.186047138,login,260.78,31.23,66.92,200,77,7.26,31.37,srv-3
2026-06-01 07:27:48.872596233,payment,821.39,36.36,64.5,200,52,5.59,40.91,srv-3
2026-06-01 07:28:51.836974125,search,334.58,36.33,57.43,200,10,8.44,36.64,srv-1
2026-06-01 07:28:52.786657535,login,88.76,51.15,39.67,200,88,9.52,19.58,srv-1
2026-06-01 07:32:40.356764994,view_product,165.93,43.29,53.04,200,74,7.44,30.09,srv-2
2026-06-01 07:36:22.061245502,view_product,308.38,7.8,58.02,200,41,23.65,35.62,srv-1
2026-06-01 07:37:55.500237569,search,633.69,13.16,56.76,200,95,31.34,50.5,srv-1
2026-06-01 07:39:19.494457380,search,233.71,36.41,36.56,200,77,16.59,9.02,srv-2
2026-06-01 07:39:48.698287811,view_product,178.8,55.03,46.1,200,3,14.76,83.93,srv-3
2026-06-01 07:40:52.285529044,login,158.53,5.0,54.36,200,59,11.35,83.43,srv-3
2026-06-01 07:41:55.397613557,payment,1103.03,47.04,60.36,200,52,7.78,110.93,srv-1
2026-06-01 07:43:47.639906386,payment,753.25,43.06,33.04,200,34,27.15,22.31,srv-3
2026-06-01 07:44:11.372205816,view_product,255.2,72.54,53.38,200,49,11.81,45.8,srv-3
2026-06-01 07:45:03.439262123,login,135.55,39.43,56.43,200,28,9.67,96.05,srv-1
2026-06-01 07:45:24.733326593,view_product,218.89,54.08,63.5,200,83,20.23,101.14,srv-2
2026-06-01 07:46:05.886025326,home,108.96,48.63,61.93,200,87,11.74,132.6,srv-1
2026-06-01 07:48:15.839023110,home,90.2,7.55,60.83,200,96,19.86,58.07,srv-1
2026-06-01 07:48:28.540577946,search,309.01,61.92,47.0,200,13,9.93,52.79,srv-1
2026-06-01 07:48:34.533920960,search,346.45,52.34,35.92,200,97,20.26,21.44,srv-2
2026-06-01 07:51:35.771228171,checkout,775.64,61.91,51.07,200,98,19.88,103.43,srv-2
2026-06-01 07:53:16.616719960,view_product,193.28,99.0,65.02,200,97,23.63,41.42,srv-2
2026-06-01 07:53:24.139128840,view_product,200.95,9.5,68.93,200,69,8.54,55.72,srv-2
2026-06-01 07:56:29.589347268,search,629.94,82.34,62.11,200,67,11.69,53.53,srv-1
2026-06-01 08:00:14.328434114,search,438.09,44.21,59.29,200,61,32.26,12.98,srv-3
2026-06-01 08:01:18.672166585,search,324.63,53.42,58.8,200,60,10.77,33.55,srv-1
2026-06-01 08:02:15.845106372,payment,1276.26,56.94,49.44,200,71,18.27,71.69,srv-2
2026-06-01 08:02:41.041678205,home,80.08,38.16,53.7,200,24,38.29,53.03,srv-3
2026-06-01 08:04:42.609635954,checkout,1206.17,46.8,71.69,400,63,4.83,72.03,srv-1
2026-06-01 08:06:09.950809273,search,409.72,55.03,45.57,200,86,10.59,87.38,srv-3
2026-06-01 08:06:42.781551972,search,346.73,21.16,71.15,200,61,12.19,33.32,srv-2
2026-06-01 08:08:12.173946607,view_product,257.32,61.08,51.78,200,23,4.96,40.08,srv-3
2026-06-01 08:10:45.425877860,search,207.74,39.59,68.25,200,30,9.7,50.16,srv-3
2026-06-01 08:11:08.132730742,checkout,539.28,30.05,40.93,200,60,7.5,86.84,srv-2
2026-06-01 08:12:13.019186696,checkout,526.76,42.17,60.86,200,18,18.71,47.44,srv-3
2026-06-01 08:12:35.863089054,search,378.47,71.41,47.63,200,96,5.12,18.75,srv-1
2026-06-01 08:17:45.653279181,search,660.16,41.97,40.85,200,56,31.33,48.48,srv-3
2026-06-01 08:17:48.133838738,search,786.08,59.31,57.19,200,53,17.2,84.77,srv-1
2026-06-01 08:18:44.293913219,checkout,1000.17,41.84,65.09,200,7,7.19,123.25,srv-3
2026-06-01 08:19:36.756643834,login,190.66,60.55,46.55,200,97,20.35,64.61,srv-3
2026-06-01 08:21:29.272350813,view_product,117.13,58.51,40.01,500,69,16.42,22.39,srv-2
2026-06-01 08:22:22.218229314,view_product,181.94,80.09,54.08,200,92,11.95,42.78,srv-2
2026-06-01 08:22:51.707246533,view_product,166.98,43.51,54.13,200,72,8.49,72.61,srv-1
2026-06-01 08:24:50.765080889,home,72.42,57.76,60.48,200,79,16.02,91.81,srv-2
2026-06-01 08:25:19.057084499,view_product,207.43,48.84,64.5,200,52,12.95,74.01,srv-2
2026-06-01 08:28:49.632501450,checkout,678.16,75.11,54.41,200,4,8.63,46.95,srv-2
2026-06-01 08:32:10.122702571,login,80.03,32.86,73.56,200,34,6.22,91.39,srv-2
2026-06-01 08:32:36.039435469,login,207.88,60.49,57.24,200,69,7.96,37.18,srv-2
2026-06-01 08:32:46.757117573,payment,686.97,48.37,51.54,200,33,9.47,60.99,srv-1
2026-06-01 08:33:43.487426326,login,173.97,45.58,38.88,200,69,21.79,85.62,srv-1
2026-06-01 08:35:45.258838037,checkout,1653.32,63.18,52.37,200,38,18.73,77.17,srv-2
2026-06-01 08:36:11.438946225,search,260.95,52.15,51.64,200,98,9.73,78.21,srv-2
2026-06-01 08:36:42.953828270,login,65.99,43.57,64.6,200,26,9.92,77.04,srv-1
2026-06-01 08:37:40.035465386,checkout,723.8,56.1,59.62,200,1,20.0,29.1,srv-3
2026-06-01 08:38:40.471417933,search,529.24,78.7,43.21,200,4,13.92,55.18,srv-1
2026-06-01 08:39:48.144695618,search,714.46,69.88,56.72,200,39,13.83,31.64,srv-3
2026-06-01 08:41:50.832883677,search,234.1,62.99,61.72,200,54,8.57,45.89,srv-2
2026-06-01 08:42:50.310408842,search,428.35,41.08,70.28,200,90,11.45,27.08,srv-2
2026-06-01 08:43:37.597645571,login,135.95,30.35,63.88,200,33,12.21,67.15,srv-1
2026-06-01 08:44:32.915994553,search,346.89,65.66,62.61,200,33,11.64,16.79,srv-2
2026-06-01 08:47:33.663260574,payment,2523.18,86.0,55.6,200,72,17.58,79.07,srv-3
2026-06-01 08:49:30.645384335,search,212.74,73.64,58.88,200,20,17.86,55.1,srv-3
2026-06-01 08:49:36.462666943,view_product,240.43,36.53,67.5,200,16,7.69,170.94,srv-1
2026-06-01 08:51:14.138458828,search,424.03,45.11,41.67,200,21,9.49,48.29,srv-3
2026-06-01 08:53:01.711702070,view_product,321.71,18.71,51.51,200,45,8.64,48.28,srv-1
2026-06-01 08:53:28.789681175,home,93.14,38.87,47.27,200,90,24.39,82.23,srv-1
2026-06-01 08:53:43.481506579,payment,1113.84,74.08,58.79,200,87,37.59,50.0,srv-3
2026-06-01 08:55:42.362612496,search,313.89,39.74,67.3,200,82,9.66,64.39,srv-3
2026-06-01 08:57:33.924926570,login,175.8,58.29,49.03,200,62,11.21,99.15,srv-3
2026-06-01 08:58:56.996753328,home,79.81,42.37,31.1,200,31,18.56,46.5,srv-3
2026-06-01 08:59:20.266268412,login,198.88,52.82,50.88,200,42,8.55,111.85,srv-3
2026-06-01 08:59:26.529903727,search,316.32,27.5,64.13,200,12,18.77,19.94,srv-3
2026-06-01 08:59:48.818070848,search,410.79,50.64,60.38,200,65,12.06,142.89,srv-3
2026-06-01 09:00:50.367108091,view_product,217.76,5.0,59.28,200,73,5.09,18.67,srv-2
2026-06-01 09:01:48.828189871,search,533.91,46.97,52.2,200,3,6.36,122.89,srv-1
2026-06-01 09:02:06.434898263,login,157.15,17.22,42.21,200,90,10.29,17.82,srv-1
2026-06-01 09:02:47.998702312,view_product,118.28,67.89,60.15,200,9,22.45,179.17,srv-3
2026-06-01 09:03:17.351692239,view_product,342.17,62.42,46.66,200,51,7.8,60.13,srv-1
2026-06-01 09:06:45.424065651,login,116.53,54.57,76.84,200,16,9.33,30.97,srv-3
2026-06-01 09:08:28.970012920,login,127.28,73.65,60.71,200,88,13.54,167.18,srv-2
2026-06-01 09:11:43.168840756,home,73.06,28.65,49.19,200,78,5.29,28.41,srv-1
2026-06-01 09:12:48.201526645,view_product,355.91,80.01,48.89,200,3,14.14,47.64,srv-1
2026-06-01 09:14:32.443751206,view_product,104.18,62.82,54.07,200,98,5.63,260.56,srv-2
2026-06-01 09:15:59.267905986,search,1079.57,51.54,52.6,200,97,16.18,69.22,srv-2
2026-06-01 09:16:53.933920366,view_product,318.38,68.62,66.17,200,24,8.13,16.19,srv-2
2026-06-01 09:18:57.881624243,view_product,237.88,27.47,56.86,200,73,7.61,46.34,srv-1
2026-06-01 09:19:41.717829171,search,353.15,33.69,47.68,200,13,13.96,43.95,srv-1
2026-06-01 09:20:27.025042631,checkout,884.09,42.89,73.9,200,2,18.12,61.14,srv-2
2026-06-01 09:20:35.141053226,login,192.01,37.4,55.49,200,71,14.7,53.16,srv-2
2026-06-01 09:24:49.885496616,home,112.8,27.11,62.69,200,21,13.52,75.76,srv-2
2026-06-01 09:25:07.257281315,search,437.28,71.39,48.92,404,19,13.61,21.83,srv-2
2026-06-01 09:26:03.643411208,home,92.87,41.27,58.63,200,89,14.75,39.3,srv-2
2026-06-01 09:31:01.296392557,search,335.97,54.7,58.11,200,47,15.24,65.83,srv-3
2026-06-01 09:31:56.656959034,checkout,758.75,42.32,36.1,200,22,10.0,34.56,srv-2
2026-06-01 09:32:05.621904415,home,84.07,13.07,75.15,200,75,16.9,105.38,srv-3
2026-06-01 09:32:54.723757552,home,133.84,51.2,67.91,200,33,8.17,34.98,srv-1
2026-06-01 09:33:21.775126257,search,443.12,15.01,51.03,200,32,21.02,59.5,srv-1
2026-06-01 09:33:50.809051933,checkout,285.85,46.62,43.98,200,64,18.02,51.27,srv-3
2026-06-01 09:34:33.833614379,search,452.9,24.9,58.48,200,85,36.25,29.7,srv-2
2026-06-01 09:37:05.928459628,search,385.39,84.62,55.87,200,39,15.75,56.62,srv-1
2026-06-01 09:37:13.562408378,home,89.41,62.3,58.56,200,84,19.19,24.85,srv-2
2026-06-01 09:41:00.919640751,home,78.56,47.69,56.92,200,72,5.58,41.84,srv-2
2026-06-01 09:48:34.632382875,payment,1482.07,82.57,60.06,200,42,19.51,55.6,srv-3
2026-06-01 09:48:53.534397392,payment,1393.24,43.7,69.47,200,9,21.94,23.19,srv-1
2026-06-01 09:49:33.166749323,home,68.67,55.47,60.68,200,25,25.85,79.37,srv-1
2026-06-01 09:50:57.084550278,payment,1153.12,60.13,44.5,200,89,12.94,63.83,srv-3
2026-06-01 09:50:58.285851906,view_product,156.58,51.32,68.63,200,97,10.27,75.13,srv-2
2026-06-01 09:53:03.054982324,checkout,493.61,72.84,71.41,200,2,7.07,54.68,srv-2
2026-06-01 09:54:10.167285147,search,289.09,61.08,86.52,200,19,7.4,27.37,srv-1
2026-06-01 09:57:03.524290014,search,486.84,55.07,43.77,200,20,12.03,54.6,srv-3
2026-06-01 09:57:20.405001974,search,502.55,20.24,57.43,200,93,5.07,79.35,srv-3
2026-06-01 10:01:04.310672054,view_product,263.28,30.35,34.18,200,70,8.3,26.73,srv-2
2026-06-01 10:02:16.198335509,home,116.0,43.95,60.53,200,17,12.74,28.04,srv-2
2026-06-01 10:03:01.773350675,home,107.82,47.76,49.52,200,89,12.6,47.1,srv-3
2026-06-01 10:03:15.158837192,search,287.6,27.53,74.23,200,68,7.5,43.69,srv-1
2026-06-01 10:04:13.445393761,view_product,255.9,90.97,47.25,200,94,6.57,54.07,srv-2
2026-06-01 10:06:51.081171191,login,211.73,74.41,38.11,200,84,7.08,45.83,srv-3
2026-06-01 10:10:44.890000526,view_product,286.47,58.7,50.29,200,3,10.91,60.1,srv-3
2026-06-01 10:10:52.781598938,payment,1516.07,61.46,35.25,200,87,35.34,113.65,srv-3
2026-06-01 10:12:18.446786141,home,115.32,42.33,62.51,200,51,20.7,75.42,srv-1
2026-06-01 10:12:37.708296458,view_product,248.8,30.35,34.35,200,82,13.56,56.47,srv-2
2026-06-01 10:15:02.112937308,search,523.56,51.63,55.28,200,26,16.07,28.11,srv-2
2026-06-01 10:15:39.543986178,checkout,792.61,57.57,34.22,200,56,20.25,35.4,srv-2
2026-06-01 10:16:35.110414615,login,117.51,23.82,51.8,200,64,17.08,90.47,srv-1
2026-06-01 10:17:45.083965201,view_product,207.8,53.09,71.43,200,8,10.44,41.22,srv-2
2026-06-01 10:21:35.384794244,view_product,169.51,43.9,58.61,200,81,7.98,30.55,srv-2
2026-06-01 10:22:00.049610678,checkout,631.63,16.98,46.37,200,95,11.44,192.25,srv-2
2026-06-01 10:24:44.782494160,view_product,209.15,31.6,54.69,200,37,20.13,136.28,srv-2
2026-06-01 10:26:09.082055363,search,272.8,40.28,55.18,200,97,10.64,50.67,srv-1
2026-06-01 10:28:01.332117291,view_product,197.52,80.95,59.73,200,27,7.01,28.51,srv-3
2026-06-01 10:29:57.833262850,checkout,412.34,59.14,41.33,200,45,5.15,84.27,srv-3
2026-06-01 10:32:07.130748966,search,387.9,24.84,60.93,200,4,11.47,40.69,srv-2
2026-06-01 10:32:21.256100466,home,90.04,54.65,27.96,200,86,7.29,93.05,srv-2
2026-06-01 10:33:49.175459101,checkout,601.02,23.16,48.7,200,90,9.79,40.71,srv-2
2026-06-01 10:34:41.901335462,view_product,277.1,67.26,50.12,200,96,25.23,146.53,srv-1
2026-06-01 10:35:48.235318659,view_product,305.45,39.57,61.33,200,88,11.86,40.0,srv-2
2026-06-01 10:42:14.898783567,login,91.15,44.23,55.23,200,99,8.37,225.62,srv-1
2026-06-01 10:44:16.428493546,view_product,168.46,70.55,40.94,200,37,14.22,61.38,srv-2
2026-06-01 10:45:45.693098926,search,275.04,24.58,45.15,200,96,31.83,125.28,srv-2
2026-06-01 10:48:47.013290792,view_product,158.33,21.44,56.99,200,71,11.47,39.49,srv-3
2026-06-01 10:49:12.521689317,home,120.32,35.7,54.21,200,33,3.75,24.86,srv-2
2026-06-01 10:51:11.630092879,view_product,205.57,65.75,49.21,200,31,16.86,13.68,srv-1
2026-06-01 10:51:30.774193864,payment,911.58,26.77,50.19,200,55,14.49,117.44,srv-3
2026-06-01 10:52:44.155322229,home,44.63,5.0,61.96,200,12,12.74,56.87,srv-1
2026-06-01 10:54:32.347995935,payment,1249.07,49.37,49.82,200,11,10.92,25.83,srv-3
2026-06-01 10:56:08.743440685,search,233.31,57.26,54.12,200,88,8.14,120.41,srv-1
2026-06-01 10:56:44.446636351,checkout,816.96,74.77,76.7,200,72,25.98,109.25,srv-3
2026-06-01 10:59:53.049738467,view_product,242.43,39.09,40.76,200,32,4.86,125.14,srv-1
2026-06-01 11:01:09.329338985,search,579.6,43.39,36.48,200,57,10.44,24.44,srv-1
2026-06-01 11:03:31.285558027,view_product,139.15,67.16,62.84,200,38,10.32,115.34,srv-2
2026-06-01 11:05:17.301434853,checkout,278.04,14.13,48.21,200,60,18.67,68.75,srv-3
2026-06-01 11:06:02.999473903,search,383.93,41.85,51.82,200,86,22.6,128.58,srv-3
2026-06-01 11:06:15.533481854,search,676.06,55.19,47.19,200,98,10.88,75.61,srv-2
2026-06-01 11:07:43.542186814,view_product,339.43,56.48,52.4,200,19,13.42,60.57,srv-1
2026-06-01 11:10:27.668766644,view_product,236.75,38.19,70.99,200,84,14.0,116.28,srv-1
2026-06-01 11:14:52.279468292,view_product,185.22,47.47,63.02,200,56,20.63,91.03,srv-3
2026-06-01 11:14:55.089006285,view_product,291.82,5.0,63.62,200,14,20.42,104.49,srv-1
2026-06-01 11:19:04.182690733,search,256.05,35.71,40.84,200,33,9.31,40.74,srv-3
2026-06-01 11:19:46.584057503,view_product,259.91,55.76,43.49,200,10,15.16,49.23,srv-3
2026-06-01 11:19:59.369533992,home,107.42,28.39,26.61,404,80,14.76,19.29,srv-1
2026-06-01 11:21:47.960995440,search,521.74,51.28,46.91,200,64,11.5,39.01,srv-1
2026-06-01 11:22:30.285718712,home,236.44,55.41,64.57,200,64,14.69,87.73,srv-1
2026-06-01 11:22:48.618833144,search,413.0,42.96,60.17,200,62,12.31,76.59,srv-2
2026-06-01 11:25:30.754750002,search,301.26,51.08,52.78,200,68,13.18,30.33,srv-3
2026-06-01 11:32:50.504800256,search,356.79,31.24,54.78,200,91,6.18,117.85,srv-1
2026-06-01 11:37:42.785920504,view_product,118.45,42.47,48.11,200,92,7.7,325.01,srv-2
2026-06-01 11:41:54.055528757,search,282.3,58.81,57.05,200,43,18.34,31.77,srv-1
2026-06-01 11:44:48.718487981,search,311.95,50.95,62.66,200,80,6.65,48.25,srv-3
2026-06-01 11:47:55.611610094,login,133.19,35.77,38.84,200,59,15.41,37.6,srv-2
2026-06-01 11:48:38.847722072,search,379.72,52.83,58.0,200,52,11.7,51.58,srv-3
2026-06-01 11:49:13.528745949,login,119.98,59.06,64.32,200,97,20.4,64.35,srv-1
2026-06-01 11:49:22.203320983,home,133.24,9.43,50.85,200,19,16.85,35.93,srv-1
2026-06-01 11:49:22.809010730,view_product,220.02,68.06,62.01,200,21,9.71,46.24,srv-1
2026-06-01 11:51:03.939525883,view_product,219.29,41.14,83.15,200,22,10.9,57.53,srv-2
2026-06-01 11:51:57.914326303,view_product,196.15,54.62,53.96,200,9,4.51,72.45,srv-2
2026-06-01 11:53:03.285033613,search,380.09,70.35,58.93,200,9,11.41,131.62,srv-2
2026-06-01 11:53:30.449720215,search,480.53,25.12,47.62,200,73,6.46,54.13,srv-2
2026-06-01 11:54:46.043758186,checkout,590.59,38.14,56.81,200,27,10.92,38.97,srv-1
2026-06-01 11:56:02.270909102,search,285.93,42.67,59.6,200,17,8.86,82.91,srv-1
2026-06-01 11:57:38.975564691,search,323.69,34.13,56.95,200,44,7.86,69.42,srv-1
2026-06-01 11:57:45.405987470,home,56.19,76.79,44.8,200,45,22.06,48.63,srv-2
2026-06-01 12:02:11.007860974,search,270.25,32.28,57.06,200,8,6.44,73.04,srv-2
2026-06-01 12:03:09.648892619,search,304.73,38.05,69.62,200,80,7.53,43.38,srv-1
2026-06-01 12:03:47.844844288,search,488.89,53.57,59.49,200,18,8.59,39.72,srv-1
2026-06-01 12:03:51.467606973,search,394.65,27.31,64.62,200,33,9.58,17.47,srv-2
2026-06-01 12:03:55.041703990,search,385.24,41.73,52.63,200,1,7.86,44.85,srv-3
2026-06-01 12:04:30.972741319,view_product,296.32,53.68,62.5,200,76,10.18,18.96,srv-1
2026-06-01 12:04:55.252201859,view_product,209.67,41.11,57.79,200,6,14.17,37.2,srv-1
2026-06-01 12:07:33.804979494,view_product,252.22,45.84,45.49,200,41,17.03,77.3,srv-1
2026-06-01 12:08:28.781855617,view_product,212.19,37.59,58.19,200,55,16.62,22.13,srv-2
2026-06-01 12:10:57.536718336,payment,1097.33,28.71,45.08,200,5,4.69,48.72,srv-1
2026-06-01 12:12:20.507716630,home,73.39,51.52,48.67,200,59,14.73,56.79,srv-1
2026-06-01 12:15:28.566942701,login,68.14,77.27,56.89,200,80,15.19,47.32,srv-1
2026-06-01 12:16:19.983261585,home,85.87,46.19,57.97,200,18,8.75,40.9,srv-1
2026-06-01 12:16:48.930998793,view_product,361.98,52.67,43.11,200,49,28.05,66.37,srv-1
2026-06-01 12:17:24.840237057,checkout,1106.31,68.53,65.54,200,82,20.99,72.13,srv-3
2026-06-01 12:20:08.691863407,login,224.32,24.4,60.72,200,65,11.12,54.65,srv-3
2026-06-01 12:20:29.855478936,checkout,1233.06,87.98,47.95,200,83,9.04,42.29,srv-1
2026-06-01 12:23:28.350093223,home,92.84,49.57,39.62,200,54,27.82,91.73,srv-1
2026-06-01 12:26:23.681964226,checkout,857.2,82.95,53.55,200,61,12.07,24.87,srv-1
2026-06-01 12:27:03.509718626,search,290.01,34.71,50.54,200,8,12.71,82.47,srv-1
2026-06-01 12:27:07.608135692,home,80.57,78.53,56.13,200,3,12.63,70.23,srv-2
2026-06-01 12:27:14.489736437,search,446.58,63.42,51.37,200,25,38.53,61.52,srv-2
2026-06-01 12:28:53.877029762,search,548.65,60.44,34.93,200,69,10.93,54.27,srv-2
2026-06-01 12:29:02.126496076,search,342.85,52.64,51.12,200,55,12.04,17.57,srv-3
2026-06-01 12:29:14.585358087,search,307.52,43.6,51.94,200,40,8.04,125.51,srv-1
2026-06-01 12:32:01.817668735,view_product,220.04,68.81,61.34,200,83,10.03,90.31,srv-2
2026-06-01 12:32:44.116458604,search,444.31,51.97,48.02,200,82,7.27,30.67,srv-1
2026-06-01 12:33:12.852700051,search,217.19,11.76,71.79,200,50,8.12,86.08,srv-1
2026-06-01 12:33:15.653736300,view_product,98.49,25.88,35.88,200,95,4.93,61.15,srv-3
2026-06-01 12:35:07.319269902,view_product,181.44,43.47,68.11,200,33,18.93,38.48,srv-3
2026-06-01 12:35:17.784058870,search,234.83,52.93,52.76,200,18,13.18,111.62,srv-2
2026-06-01 12:35:38.955693025,search,301.34,46.99,63.6,200,57,13.73,42.16,srv-2
2026-06-01 12:36:59.631750952,home,85.46,67.8,55.8,200,16,11.87,123.18,srv-3
2026-06-01 12:39:53.375825056,login,136.53,11.25,66.4,200,80,12.63,75.23,srv-3
2026-06-01 12:42:41.809969958,view_product,365.77,51.24,51.13,200,38,27.37,96.92,srv-1
2026-06-01 12:45:09.040167487,login,179.39,14.07,44.01,200,41,8.29,77.28,srv-1
2026-06-01 12:46:14.605126923,search,399.92,62.67,69.21,200,7,14.0,75.16,srv-2
2026-06-01 12:46:55.726972457,view_product,273.53,46.04,53.87,200,78,13.96,62.12,srv-2
2026-06-01 12:46:58.131821714,home,60.41,53.16,57.22,200,53,21.56,35.3,srv-3
2026-06-01 12:48:11.038346754,search,517.91,34.63,67.35,200,63,15.17,56.69,srv-2
2026-06-01 12:51:30.932704059,search,350.58,71.54,44.68,200,89,15.56,94.62,srv-1
2026-06-01 12:51:58.726052132,payment,1264.49,76.4,60.95,200,32,6.49,84.06,srv-3
2026-06-01 12:53:26.005213122,search,247.39,57.98,49.1,200,38,8.13,73.76,srv-1
2026-06-01 12:53:50.980093836,view_product,127.72,43.95,53.68,200,22,6.8,15.53,srv-3
2026-06-01 12:56:39.169701512,search,479.32,60.23,55.72,200,16,3.53,48.04,srv-3
2026-06-01 12:58:30.874507113,home,102.67,33.3,40.0,200,52,14.86,45.11,srv-1
2026-06-01 12:59:57.196146698,view_product,160.44,62.0,47.21,200,29,10.69,28.16,srv-2
2026-06-01 13:01:24.496438734,payment,737.58,82.07,68.51,200,16,14.87,93.9,srv-2
2026-06-01 13:01:28.941584872,view_product,326.21,67.53,63.86,200,76,12.4,16.2,srv-2
2026-06-01 13:01:31.391905232,view_product,145.09,33.32,54.37,200,17,13.74,90.2,srv-2
2026-06-01 13:02:42.967200248,checkout,1421.61,65.72,57.43,200,64,23.79,121.21,srv-1
2026-06-01 13:05:41.290596896,login,116.74,22.89,52.06,200,91,12.23,48.14,srv-3
2026-06-01 13:07:15.768135259,login,200.06,57.3,68.57,200,89,17.02,52.22,srv-1
2026-06-01 13:10:10.599401273,view_product,196.1,55.07,53.0,200,13,10.47,97.57,srv-2
2026-06-01 13:10:53.183830608,search,444.62,15.79,57.32,200,72,18.4,34.53,srv-2
2026-06-01 13:11:19.295432770,view_product,181.85,25.91,66.46,200,56,6.55,81.16,srv-1
2026-06-01 13:14:44.750870115,checkout,755.69,47.46,47.23,200,5,4.86,31.48,srv-3
2026-06-01 13:14:56.876425611,search,365.19,43.24,70.59,200,12,34.93,26.3,srv-1
2026-06-01 13:17:33.010172274,login,112.66,24.36,39.7,200,41,30.51,65.21,srv-1
2026-06-01 13:18:00.979417364,view_product,285.12,54.85,71.3,200,3,4.61,53.73,srv-1
2026-06-01 13:18:16.190136985,search,300.81,52.53,51.27,200,99,11.96,19.44,srv-3
2026-06-01 13:19:29.350122193,view_product,203.08,43.53,52.57,200,33,13.13,127.64,srv-1
2026-06-01 13:19:49.299364067,search,254.19,33.94,36.1,200,86,17.49,42.57,srv-1
2026-06-01 13:21:44.313956403,view_product,89.73,64.77,50.45,200,50,29.07,74.17,srv-2
2026-06-01 13:21:47.629076401,home,84.18,75.64,44.6,200,56,7.17,143.04,srv-1
2026-06-01 13:24:06.127177173,view_product,511.86,41.41,48.92,200,9,7.36,63.34,srv-2
2026-06-01 13:25:52.924625030,search,473.77,38.72,53.63,200,82,12.18,117.21,srv-2
2026-06-01 13:27:45.040740657,search,357.58,57.42,64.58,200,50,7.52,32.53,srv-2
2026-06-01 13:28:14.349870004,login,145.94,40.01,57.08,200,29,3.14,128.07,srv-3
2026-06-01 13:33:22.273913890,view_product,221.74,44.71,58.08,200,39,10.87,33.26,srv-2
2026-06-01 13:33:47.507062107,checkout,968.84,68.0,44.04,200,91,18.7,38.76,srv-1
2026-06-01 13:35:37.360921651,login,105.84,11.69,46.19,200,45,12.06,22.81,srv-1
2026-06-01 13:38:21.863328184,home,132.93,70.06,72.99,200,17,16.64,64.14,srv-2
2026-06-01 13:40:38.468772881,home,115.61,47.46,47.65,200,56,15.49,79.72,srv-2
2026-06-01 13:40:53.285095721,view_product,282.87,40.42,71.56,200,98,7.29,86.49,srv-1
2026-06-01 13:41:55.245523393,view_product,256.49,45.96,52.57,404,46,12.6,23.13,srv-2
2026-06-01 13:43:07.336370199,search,362.48,47.95,55.02,200,67,5.68,68.37,srv-3
2026-06-01 13:45:45.033533851,login,202.49,15.86,65.7,200,69,9.43,69.91,srv-2
2026-06-01 13:47:14.476978744,search,442.85,76.34,67.72,200,14,12.49,78.95,srv-3
2026-06-01 13:48:40.968968475,search,318.04,48.92,53.89,200,67,12.18,34.34,srv-3
2026-06-01 13:49:51.314318412,search,294.52,55.92,51.12,200,23,6.39,12.14,srv-3
2026-06-01 13:50:11.023484431,payment,1036.29,72.49,54.44,200,94,7.07,83.42,srv-2
2026-06-01 13:50:44.495631717,home,154.77,28.17,58.38,200,61,14.09,50.02,srv-3
2026-06-01 13:52:43.404182069,view_product,142.59,54.95,63.91,200,23,18.42,64.6,srv-3
2026-06-01 13:56:02.833464022,search,215.39,42.34,55.04,200,27,10.98,51.59,srv-2
2026-06-01 13:56:58.982330913,search,381.37,64.06,61.19,200,54,10.71,62.85,srv-3
2026-06-01 13:59:34.790867781,view_product,223.95,8.95,71.38,200,10,19.41,84.97,srv-2
2026-06-01 14:00:03.061304394,view_product,233.76,45.55,58.81,200,89,8.28,17.92,srv-1
2026-06-01 14:00:05.051067792,payment,1089.13,45.04,58.12,200,77,28.89,108.27,srv-3
2026-06-01 14:00:27.888063915,home,83.24,53.61,39.81,200,16,6.22,48.95,srv-2
2026-06-01 14:01:24.756550155,home,151.6,54.98,28.69,200,41,20.58,144.93,srv-1
2026-06-01 14:03:31.010222027,view_product,125.63,33.52,58.88,200,98,15.95,41.44,srv-3
2026-06-01 14:04:10.257486251,search,269.38,34.87,54.05,200,55,40.65,36.27,srv-3
2026-06-01 14:05:03.072597003,search,347.22,46.48,49.85,200,61,6.95,49.95,srv-2
2026-06-01 14:09:28.888144240,home,50.64,29.37,57.44,200,86,3.79,73.7,srv-1
2026-06-01 14:09:55.929617489,home,84.63,61.0,54.4,200,81,22.75,46.31,srv-2
2026-06-01 14:10:01.483033279,checkout,1431.0,52.66,66.28,200,87,5.84,76.98,srv-3
2026-06-01 14:10:47.993713162,login,161.17,5.0,55.86,200,49,16.57,43.28,srv-3
2026-06-01 14:10:53.150291464,search,390.27,42.16,47.53,200,73,22.0,55.75,srv-3
2026-06-01 14:11:26.197648361,login,102.94,27.34,64.9,200,52,14.73,208.92,srv-3
2026-06-01 14:13:04.618749680,search,290.14,18.54,52.83,200,2,13.68,67.65,srv-1
2026-06-01 14:14:46.387987069,home,78.92,23.52,60.27,200,96,14.89,70.99,srv-1
2026-06-01 14:15:32.893806424,search,322.11,50.19,50.23,200,50,18.52,22.57,srv-2
2026-06-01 14:16:54.733212502,home,140.95,70.33,48.5,200,86,16.34,123.05,srv-2
2026-06-01 14:17:21.265496451,view_product,267.42,53.31,55.84,200,43,6.63,103.53,srv-2
2026-06-01 14:17:43.187188517,login,108.44,35.17,55.13,200,77,30.34,35.56,srv-3
2026-06-01 14:19:27.222146419,search,392.44,57.13,59.8,200,8,12.5,102.31,srv-2
2026-06-01 14:20:16.492027514,checkout,952.4,46.26,52.31,200,59,15.79,66.55,srv-1
2026-06-01 14:20:58.558169277,view_product,327.89,35.78,36.64,200,65,17.38,56.14,srv-2
2026-06-01 14:22:04.093034623,search,625.96,30.48,50.67,200,81,21.71,118.46,srv-2
2026-06-01 14:24:44.656741467,search,252.35,15.99,62.94,200,12,20.62,40.15,srv-1
2026-06-01 14:25:36.337014613,search,271.05,40.69,52.03,200,4,13.01,35.4,srv-1
2026-06-01 14:28:32.342257895,view_product,141.67,49.26,52.54,200,77,12.6,61.84,srv-3
2026-06-01 14:32:18.944392435,payment,921.36,52.47,64.86,200,95,14.94,74.96,srv-1
2026-06-01 14:32:53.488416556,view_product,259.01,40.1,47.88,200,41,21.12,97.49,srv-1
2026-06-01 14:33:15.470754588,search,508.6,33.06,39.57,200,7,6.98,49.87,srv-2
2026-06-01 14:33:40.180007478,view_product,214.23,58.09,53.39,200,87,16.81,32.79,srv-1
2026-06-01 14:34:51.875204284,search,321.87,24.51,50.16,200,88,7.82,248.92,srv-3
2026-06-01 14:37:46.358455863,home,94.91,59.92,45.34,200,69,30.74,28.45,srv-2
2026-06-01 14:39:17.571666957,search,268.76,29.65,53.25,200,69,14.64,56.43,srv-3
2026-06-01 14:40:29.645941553,payment,2077.86,52.23,59.92,200,81,9.89,87.17,srv-1
2026-06-01 14:40:52.672474648,login,91.15,19.51,54.91,200,30,15.09,108.93,srv-3
2026-06-01 14:41:04.090104013,view_product,234.69,38.32,58.07,200,73,12.24,38.85,srv-3
2026-06-01 14:43:19.072928852,login,324.87,65.8,73.13,200,6,11.24,17.73,srv-1
2026-06-01 14:45:36.624386808,search,360.86,57.89,51.57,200,89,4.93,38.31,srv-1
2026-06-01 14:46:49.448471711,home,84.21,63.45,57.78,200,19,7.3,91.54,srv-2
2026-06-01 14:50:06.279975562,search,317.67,57.58,49.91,200,80,11.36,80.04,srv-2
2026-06-01 14:50:14.040670524,view_product,206.54,27.2,46.54,200,85,5.24,81.62,srv-2
2026-06-01 14:50:17.212260217,search,582.08,44.87,49.15,200,66,9.08,83.68,srv-1
2026-06-01 14:52:54.286112223,view_product,101.44,31.97,50.21,200,10,9.49,122.0,srv-3
2026-06-01 14:52:59.456450052,view_product,376.28,72.71,58.59,200,16,8.25,34.28,srv-3
2026-06-01 14:53:14.745236939,checkout,486.01,28.32,78.49,200,37,17.92,26.61,srv-2
2026-06-01 14:55:48.290899688,login,145.74,62.54,47.84,200,79,7.85,68.19,srv-2
2026-06-01 14:56:57.737110761,search,309.78,64.17,50.83,200,77,12.73,29.1,srv-1
2026-06-01 14:57:32.958157901,login,196.6,79.9,54.37,200,77,10.21,25.62,srv-3
2026-06-01 14:58:46.465638165,payment,571.58,43.34,58.96,200,32,11.48,113.79,srv-2
2026-06-01 14:58:54.162846968,checkout,940.46,67.23,57.64,200,47,27.2,63.45,srv-1
2026-06-01 15:01:14.296717710,search,731.15,93.38,67.84,200,72,13.33,55.54,srv-2
2026-06-01 15:03:41.018119263,view_product,136.53,35.25,30.74,200,43,14.68,56.24,srv-1
2026-06-01 15:03:53.975785370,search,384.71,21.22,31.13,200,82,8.31,51.23,srv-3
2026-06-01 15:04:10.593652014,view_product,174.5,12.9,50.04,200,36,16.66,113.33,srv-1
2026-06-01 15:05:40.661961781,home,104.47,58.87,65.97,200,26,16.31,22.0,srv-2
2026-06-01 15:06:20.042334886,view_product,221.48,13.32,39.34,200,10,15.55,21.46,srv-2
2026-06-01 15:08:50.377286163,home,71.9,39.02,24.92,200,31,6.66,31.13,srv-3
2026-06-01 15:09:50.735131470,view_product,260.96,55.48,60.71,200,97,9.09,64.94,srv-3
2026-06-01 15:10:27.634476247,view_product,413.7,52.47,57.44,200,29,24.95,161.29,srv-2
2026-06-01 15:10:31.223763285,view_product,205.78,54.72,44.1,200,5,8.64,91.97,srv-2
2026-06-01 15:11:39.965908410,home,115.78,50.16,45.14,200,77,26.71,77.9,srv-2
2026-06-01 15:12:05.833812965,search,228.94,70.31,45.3,200,1,9.27,52.04,srv-3
2026-06-01 15:12:06.084562500,search,257.59,30.43,56.11,200,87,13.12,24.54,srv-2
2026-06-01 15:12:12.518192979,search,424.73,37.06,48.74,200,3,11.09,74.37,srv-3
2026-06-01 15:12:16.967009741,home,151.3,32.61,59.94,200,67,7.99,184.12,srv-2
2026-06-01 15:14:32.091434964,checkout,906.03,69.0,26.45,200,71,8.04,47.27,srv-1
2026-06-01 15:16:25.859533190,search,322.64,64.43,46.43,200,35,8.57,39.0,srv-1
2026-06-01 15:17:53.943489445,search,359.91,56.72,43.74,200,15,13.12,47.41,srv-2
2026-06-01 15:18:04.965525090,search,232.4,68.63,52.44,200,67,19.01,78.25,srv-1
2026-06-01 15:22:51.577950997,search,444.83,28.24,49.62,200,93,12.7,58.38,srv-3
2026-06-01 15:23:15.155481289,view_product,299.6,78.01,62.98,200,30,11.98,94.26,srv-1
2026-06-01 15:24:31.534227730,search,307.31,75.49,36.41,200,82,22.31,53.51,srv-1
2026-06-01 15:25:05.025637025,checkout,678.64,65.03,55.45,200,75,12.44,47.25,srv-3
2026-06-01 15:26:20.102073419,search,395.11,81.02,60.58,200,43,9.29,62.64,srv-1
2026-06-01 15:27:21.560535850,payment,858.26,23.76,73.57,200,60,7.4,39.5,srv-1
2026-06-01 15:29:02.929091376,checkout,781.7,43.38,50.18,200,40,22.99,155.16,srv-2
2026-06-01 15:29:28.806366379,login,333.64,35.1,58.24,200,65,10.33,89.47,srv-3
2026-06-01 15:30:07.249651050,checkout,733.74,65.32,36.96,200,29,9.12,28.22,srv-3
2026-06-01 15:34:51.770102827,home,79.39,26.89,31.08,200,74,8.74,34.9,srv-2
2026-06-01 15:35:28.282477679,view_product,175.39,60.39,63.45,400,92,22.36,76.65,srv-2
2026-06-01 15:35:56.883619198,search,467.11,74.34,54.94,200,95,9.15,60.95,srv-1
2026-06-01 15:38:02.721553601,checkout,750.83,65.02,66.79,200,19,19.99,65.46,srv-1
2026-06-01 15:38:49.452821024,checkout,637.36,56.48,41.27,200,3,10.86,48.65,srv-1
2026-06-01 15:39:57.263718401,view_product,349.35,30.71,60.2,200,36,6.66,71.74,srv-2
2026-06-01 15:46:57.753894749,view_product,361.58,33.37,73.69,200,43,10.32,49.35,srv-3
2026-06-01 15:48:31.129771876,search,291.77,70.41,59.2,200,15,11.98,76.56,srv-1
2026-06-01 15:48:51.028581037,home,46.83,59.5,57.77,200,97,11.5,86.82,srv-2
2026-06-01 15:50:22.621577353,search,512.21,49.42,55.09,200,41,11.36,143.17,srv-3
2026-06-01 15:50:41.053348411,login,125.91,38.74,39.29,200,90,10.37,40.09,srv-2
2026-06-01 15:54:01.925368184,view_product,290.14,11.44,68.56,200,80,8.23,54.24,srv-1
2026-06-01 15:55:26.552850936,search,180.65,27.53,48.89,200,36,12.25,26.27,srv-2
2026-06-01 15:55:29.628942243,payment,1366.71,93.07,60.04,200,97,15.97,163.33,srv-2
2026-06-01 15:55:41.188687332,view_product,143.99,23.39,39.37,200,84,5.86,16.69,srv-2
2026-06-01 15:57:39.168680796,view_product,284.12,51.25,43.21,200,77,23.33,149.86,srv-2
2026-06-01 15:57:53.039868151,home,90.45,64.04,69.35,200,33,1.92,57.75,srv-3
2026-06-01 16:01:16.988608216,checkout,572.91,28.14,51.53,200,5,12.65,70.18,srv-1
2026-06-01 16:02:02.555799703,checkout,693.78,55.26,69.53,200,78,15.38,49.43,srv-3
2026-06-01 16:02:50.774201470,search,457.75,66.46,54.22,200,91,9.01,55.63,srv-2
2026-06-01 16:07:03.924099217,view_product,228.31,47.51,36.58,200,87,4.21,77.7,srv-2
2026-06-01 16:07:14.939132666,view_product,269.93,99.0,63.92,200,14,11.61,20.45,srv-1
2026-06-01 16:07:31.533046930,login,319.55,18.16,49.1,200,68,13.26,36.92,srv-1
2026-06-01 16:07:52.511295867,search,208.23,66.14,61.99,200,83,6.86,32.88,srv-3
2026-06-01 16:08:25.594605056,search,634.05,48.23,55.25,200,47,8.04,71.41,srv-3
2026-06-01 16:15:41.560863173,home,93.35,59.83,39.57,200,54,19.71,54.74,srv-1
2026-06-01 16:17:54.440374083,search,262.84,55.57,56.64,200,4,12.92,79.11,srv-3
2026-06-01 16:21:21.835200147,home,56.5,32.37,76.96,200,94,5.73,60.27,srv-2
2026-06-01 16:23:31.785223173,home,84.24,49.96,59.93,200,83,15.26,103.04,srv-2
2026-06-01 16:25:17.733490650,home,124.26,12.8,54.42,200,95,7.65,35.02,srv-1
2026-06-01 16:26:00.773308655,payment,956.34,65.42,65.75,200,95,8.27,56.54,srv-3
2026-06-01 16:31:17.967051356,search,610.95,56.48,57.11,200,9,13.45,106.23,srv-2
2026-06-01 16:34:10.113193577,payment,601.75,62.51,57.1,200,53,12.84,94.22,srv-1
2026-06-01 16:34:57.020572053,search,358.48,67.63,44.08,200,77,9.96,22.47,srv-3
2026-06-01 16:36:19.745080648,search,232.24,53.94,57.34,200,78,9.47,29.59,srv-2
2026-06-01 16:39:17.145601957,search,408.86,51.75,65.35,200,60,10.75,51.98,srv-3
2026-06-01 16:40:21.775081822,search,491.03,34.05,46.64,200,46,8.25,47.42,srv-3
2026-06-01 16:41:52.686728270,home,77.68,32.96,69.24,200,54,21.0,52.5,srv-3
2026-06-01 16:42:12.171406495,view_product,88.42,67.25,54.08,200,74,5.56,88.03,srv-1
2026-06-01 16:42:16.974432717,login,171.54,72.57,46.12,200,95,10.8,64.95,srv-2
2026-06-01 16:43:10.631182963,view_product,256.34,43.28,64.98,200,37,5.87,67.26,srv-1
2026-06-01 16:43:18.091087462,view_product,253.44,48.36,52.13,200,23,19.45,81.64,srv-2
2026-06-01 16:43:42.160021991,login,246.58,31.18,62.6,200,27,10.79,104.01,srv-2
2026-06-01 16:45:21.172091305,home,61.86,66.73,52.08,400,70,7.18,8.73,srv-1
2026-06-01 16:49:23.732958067,view_product,279.14,59.77,54.4,200,90,17.16,43.29,srv-1
2026-06-01 16:50:49.938195065,search,546.47,85.41,59.94,200,66,3.87,32.14,srv-2
2026-06-01 16:51:34.624856486,home,48.29,29.67,57.91,200,61,14.02,72.62,srv-2
2026-06-01 16:52:20.838048543,payment,1118.38,49.38,35.04,200,77,21.66,41.38,srv-2
2026-06-01 16:53:16.039050434,home,75.44,49.92,43.79,200,51,13.33,57.14,srv-3
2026-06-01 16:53:52.491963772,view_product,213.81,58.77,64.29,200,50,9.46,91.04,srv-2
2026-06-01 16:56:59.328426321,payment,1129.4,52.41,53.68,200,19,6.55,38.02,srv-1
2026-06-01 16:57:52.474508434,login,134.91,30.64,49.76,200,1,20.93,67.88,srv-1
2026-06-01 16:58:25.418004677,home,71.04,61.58,41.41,200,40,19.37,138.7,srv-1
2026-06-01 16:59:37.470721578,home,91.08,58.89,44.2,200,32,8.82,89.92,srv-2
2026-06-01 17:05:32.284724427,search,246.06,30.97,34.78,200,22,8.94,21.08,srv-2
2026-06-01 17:07:04.349616066,home,61.55,70.01,53.99,200,93,22.05,45.83,srv-3
2026-06-01 17:07:13.404220425,view_product,279.05,68.85,49.02,200,66,15.89,67.59,srv-3
2026-06-01 17:09:01.087721285,home,60.2,48.02,45.33,200,40,4.99,76.07,srv-1
2026-06-01 17:11:00.000572415,search,454.55,50.98,54.32,200,38,11.05,46.93,srv-3
2026-06-01 17:15:25.566207918,payment,1175.75,66.73,58.64,200,48,10.85,37.19,srv-3
2026-06-01 17:16:51.156757580,view_product,120.25,30.69,75.93,200,55,13.79,56.86,srv-1
2026-06-01 17:20:02.621909160,view_product,173.55,47.28,39.88,200,75,12.22,28.44,srv-2
2026-06-01 17:20:03.862912328,search,546.78,11.72,66.59,200,81,9.43,105.62,srv-3
2026-06-01 17:20:19.862758594,view_product,156.06,62.34,64.73,500,55,13.32,167.54,srv-2
2026-06-01 17:25:02.165524754,search,305.99,19.95,47.21,200,51,9.74,69.19,srv-1
2026-06-01 17:25:22.570654388,search,423.19,76.29,57.03,200,60,67.16,47.49,srv-1
2026-06-01 17:25:34.291233637,home,118.39,40.24,50.42,200,8,12.95,96.02,srv-3
2026-06-01 17:28:35.508535991,checkout,732.58,48.52,56.86,200,86,12.09,86.76,srv-1
2026-06-01 17:28:37.892520064,search,292.06,36.62,70.09,200,68,30.61,46.28,srv-1
2026-06-01 17:29:46.219318741,login,263.22,42.45,61.06,200,75,6.16,53.05,srv-1
2026-06-01 17:30:37.973808408,search,661.64,77.15,60.09,200,72,11.53,37.87,srv-3
2026-06-01 17:32:26.949857594,search,507.1,5.29,50.7,200,9,7.58,60.27,srv-3
2026-06-01 17:34:04.276572505,view_product,226.67,70.25,40.16,200,90,16.74,65.32,srv-3
2026-06-01 17:34:54.229198965,view_product,165.79,52.74,52.92,200,2,9.51,34.19,srv-1
2026-06-01 17:38:30.138184655,view_product,164.51,24.92,67.07,200,80,16.28,28.65,srv-2
2026-06-01 17:40:28.781957976,home,108.06,26.72,39.73,200,95,15.71,24.64,srv-1
2026-06-01 17:42:00.107836682,search,416.77,79.34,44.45,200,70,18.0,70.1,srv-3
2026-06-01 17:42:34.293602514,search,587.96,33.86,56.26,200,85,15.84,54.22,srv-2
2026-06-01 17:42:46.104459238,home,113.01,25.37,45.15,200,90,10.89,51.93,srv-2
2026-06-01 17:46:42.408573963,search,212.73,67.6,47.07,200,59,6.06,72.15,srv-3
2026-06-01 17:47:12.824098661,view_product,317.92,54.27,50.76,200,19,20.18,31.8,srv-2
2026-06-01 17:51:16.959678279,home,63.46,28.75,41.34,200,28,24.64,28.73,srv-2
2026-06-01 17:53:25.970569526,search,314.73,52.05,45.26,200,72,7.62,63.1,srv-3
2026-06-01 17:54:18.277568532,login,174.64,28.28,62.03,200,14,17.6,19.35,srv-2
2026-06-01 17:54:56.857402197,home,180.96,66.62,41.93,200,24,6.79,46.74,srv-2
2026-06-01 17:56:21.489054756,login,475.16,68.86,39.02,200,44,13.49,239.82,srv-3
2026-06-01 17:56:33.450447228,payment,1236.58,66.94,48.7,400,56,14.95,24.31,srv-2
2026-06-01 17:57:29.637249148,view_product,206.34,53.57,62.32,200,90,9.84,42.19,srv-2
2026-06-01 17:59:56.584642488,payment,1205.72,88.76,53.03,200,95,12.78,15.28,srv-2
2026-06-01 18:00:53.114541770,search,491.17,49.91,50.35,200,51,18.62,47.45,srv-2
2026-06-01 18:01:15.260257185,home,80.45,24.53,55.44,200,32,11.53,177.67,srv-3
2026-06-01 18:03:25.159343415,search,674.81,59.84,37.54,200,50,8.69,72.25,srv-1
2026-06-01 18:04:51.875206372,search,390.19,86.45,59.95,200,41,6.61,37.78,srv-1
2026-06-01 18:06:32.504320916,view_product,261.87,29.35,58.83,400,66,10.02,202.12,srv-2
2026-06-01 18:07:23.858890200,home,113.62,39.63,50.91,200,25,6.77,19.19,srv-3
2026-06-01 18:07:59.618370119,search,417.24,56.67,65.06,200,61,10.09,71.69,srv-3
2026-06-01 18:11:17.903944121,login,214.61,46.18,43.73,200,66,9.65,56.77,srv-2
2026-06-01 18:14:43.687094468,search,290.05,30.22,66.28,200,42,18.21,47.08,srv-1
2026-06-01 18:15:31.828200499,view_product,180.95,67.0,56.54,200,65,12.64,88.61,srv-2
2026-06-01 18:16:34.518580389,search,244.95,89.21,51.63,200,36,43.54,26.86,srv-3
2026-06-01 18:16:43.934764401,search,419.86,52.73,54.8,200,76,4.45,65.86,srv-3
2026-06-01 18:17:56.430447995,search,472.83,33.46,53.93,200,9,14.25,61.03,srv-1
2026-06-01 18:19:35.540615403,search,422.56,21.34,67.2,200,36,9.72,32.38,srv-3
2026-06-01 18:27:20.512671596,view_product,395.32,53.6,44.23,200,92,7.55,175.91,srv-3
2026-06-01 18:28:04.189427783,checkout,798.43,72.85,47.37,200,38,12.0,48.95,srv-3
2026-06-01 18:28:47.442987719,payment,1263.72,66.19,65.36,200,33,11.56,50.24,srv-1
2026-06-01 18:30:06.814403639,view_product,150.13,46.46,49.04,200,42,20.88,29.47,srv-3
2026-06-01 18:30:11.564348074,search,314.39,37.54,64.01,200,61,12.75,49.5,srv-2
2026-06-01 18:30:37.757953665,view_product,280.64,28.15,71.99,200,46,8.62,221.6,srv-1
2026-06-01 18:32:01.948067231,search,484.58,64.87,50.98,200,86,14.4,46.92,srv-2
2026-06-01 18:32:08.309045959,search,324.8,64.7,61.81,200,89,10.86,74.53,srv-2
2026-06-01 18:36:11.475938400,view_product,214.56,19.32,43.46,200,61,6.94,96.58,srv-1
2026-06-01 18:36:45.586082448,home,52.91,74.15,62.55,200,18,10.76,48.97,srv-2
2026-06-01 18:38:02.079808108,checkout,706.03,62.39,56.99,400,70,13.67,42.7,srv-1
2026-06-01 18:39:05.493536130,search,491.64,75.11,59.73,200,82,12.63,72.48,srv-2
2026-06-01 18:43:01.247162098,view_product,269.06,23.53,48.54,200,80,14.37,47.24,srv-1
2026-06-01 18:48:27.620300834,view_product,262.14,23.04,38.39,200,15,9.36,44.74,srv-3
2026-06-01 18:50:39.203064356,checkout,814.06,50.46,60.03,200,48,14.28,95.96,srv-3
2026-06-01 18:55:34.799049799,view_product,220.54,56.26,34.37,200,72,12.94,52.37,srv-2
2026-06-01 18:56:24.395015674,view_product,174.6,79.08,51.83,200,13,12.99,113.06,srv-3
2026-06-01 18:57:03.007537449,home,114.94,58.86,64.41,200,43,12.38,51.67,srv-1
2026-06-01 18:59:52.429377913,search,417.15,44.8,56.92,200,60,36.16,24.77,srv-2
2026-06-01 19:03:23.776352953,login,190.07,28.43,74.48,200,57,21.22,6.99,srv-3
2026-06-01 19:04:31.696625998,view_product,183.01,68.97,65.25,200,71,14.12,18.12,srv-3
2026-06-01 19:05:04.087228016,search,169.43,29.33,48.46,200,17,8.17,20.09,srv-2
2026-06-01 19:05:11.095744694,view_product,322.99,77.54,55.27,200,50,10.53,64.07,srv-3
2026-06-01 19:05:56.486639279,home,76.11,40.64,54.53,200,32,27.33,30.48,srv-3
2026-06-01 19:08:06.319603353,home,66.54,74.3,39.18,200,22,9.19,16.7,srv-2
2026-06-01 19:09:32.703462729,view_product,280.44,60.03,45.6,200,55,11.21,50.47,srv-3
2026-06-01 19:11:09.058465741,home,78.46,43.32,49.39,200,57,10.91,28.53,srv-3
2026-06-01 19:11:09.531942919,home,130.42,36.96,34.64,200,13,14.64,72.09,srv-3
2026-06-01 19:11:47.494113848,home,111.69,39.98,55.47,500,47,9.79,71.02,srv-3
2026-06-01 19:11:52.749776243,payment,1270.3,65.41,52.51,200,87,13.31,75.68,srv-2
2026-06-01 19:15:09.819137149,view_product,136.39,47.75,38.27,200,62,9.9,11.76,srv-1
2026-06-01 19:16:06.537958868,search,550.2,39.81,59.04,200,54,23.51,56.11,srv-1
2026-06-01 19:17:00.752385250,search,394.47,45.96,62.16,200,29,8.64,50.76,srv-3
2026-06-01 19:17:17.267444083,search,316.35,49.58,57.27,200,22,19.86,26.23,srv-3
2026-06-01 19:20:55.790574120,view_product,231.32,9.0,51.76,200,65,9.09,15.14,srv-1
2026-06-01 19:21:50.521472691,view_product,118.15,54.43,60.91,200,29,7.95,51.15,srv-3
2026-06-01 19:22:42.829406175,login,184.6,29.21,61.8,200,48,8.58,103.39,srv-1
2026-06-01 19:23:41.600794365,login,111.6,25.36,58.07,200,5,5.18,11.6,srv-2
2026-06-01 19:24:05.530877262,home,56.06,15.19,46.75,200,35,15.17,33.13,srv-2
2026-06-01 19:25:28.803833343,view_product,129.13,14.0,57.77,200,74,6.81,59.08,srv-2
2026-06-01 19:26:13.152121840,view_product,324.75,23.85,66.95,200,83,10.19,107.23,srv-2
2026-06-01 19:26:33.797300281,search,288.84,35.13,49.03,200,71,17.83,45.27,srv-2
2026-06-01 19:27:11.807779550,home,153.95,81.7,75.98,200,46,17.54,173.92,srv-2
2026-06-01 19:30:25.882611048,home,74.61,36.28,49.74,200,35,5.95,18.59,srv-1
2026-06-01 19:30:34.647188838,payment,550.14,53.7,55.32,200,45,14.23,16.28,srv-3
2026-06-01 19:31:51.889702680,search,243.55,54.64,48.28,200,13,21.55,100.55,srv-1
2026-06-01 19:32:50.076895684,view_product,339.05,50.75,57.23,200,10,8.86,13.33,srv-2
2026-06-01 19:32:59.255827991,view_product,208.32,45.69,37.58,200,66,15.75,72.02,srv-3
2026-06-01 19:34:15.867418497,search,297.14,26.46,49.54,200,70,6.88,45.75,srv-3
2026-06-01 19:35:54.191570344,login,169.22,72.81,44.08,200,72,14.77,31.8,srv-2
2026-06-01 19:36:35.026930017,home,107.28,78.6,56.35,200,25,13.01,42.27,srv-2
2026-06-01 19:36:47.998097385,view_product,325.29,17.97,64.94,200,44,16.96,25.19,srv-2
2026-06-01 19:37:07.123734201,view_product,365.26,30.22,61.46,200,60,16.44,45.11,srv-2
2026-06-01 19:37:56.475775703,view_product,193.97,41.9,31.28,200,47,6.19,55.17,srv-2
2026-06-01 19:39:30.440247050,search,226.33,29.9,75.42,200,40,13.04,42.53,srv-2
2026-06-01 19:42:36.631123661,home,77.87,54.89,57.95,200,7,25.19,38.44,srv-3
2026-06-01 19:43:28.709122686,payment,1095.38,42.84,47.24,200,46,4.09,63.59,srv-2
2026-06-01 19:44:27.217788561,view_product,157.01,85.54,56.57,200,23,19.76,147.78,srv-2
2026-06-01 19:44:32.688440994,search,257.52,69.01,56.76,200,83,27.14,46.54,srv-3
2026-06-01 19:50:05.925071708,payment,1127.86,60.1,48.33,200,46,5.8,89.3,srv-1
2026-06-01 19:53:22.920790726,view_product,216.29,65.65,56.98,200,86,8.71,30.58,srv-2
2026-06-01 19:54:49.691840302,search,364.16,68.55,48.93,200,13,15.78,24.52,srv-3
2026-06-01 19:55:30.996298588,view_product,168.71,36.54,50.96,200,21,7.82,71.66,srv-3
2026-06-01 19:56:05.516832859,view_product,202.96,32.34,48.14,200,1,24.1,47.46,srv-1
2026-06-01 19:58:43.044165156,view_product,159.2,48.0,40.67,200,19,20.69,107.52,srv-2
2026-06-01 20:02:17.972459459,home,122.9,61.74,56.46,200,60,6.1,120.94,srv-2
2026-06-01 20:02:50.135618910,search,517.21,52.68,60.85,200,33,8.4,90.33,srv-2
2026-06-01 20:03:48.682412254,checkout,419.24,20.81,60.15,200,4,17.9,89.16,srv-3
2026-06-01 20:07:11.600087042,login,115.57,31.7,63.2,200,3,17.55,6.99,srv-2
2026-06-01 20:08:00.794668928,search,213.22,45.8,58.24,200,91,36.94,71.29,srv-2
2026-06-01 20:12:14.006311914,search,286.75,46.51,49.67,200,52,7.85,91.63,srv-2
2026-06-01 20:12:39.074958925,search,349.64,84.0,63.4,200,99,25.27,25.46,srv-2
2026-06-01 20:16:37.226867760,view_product,132.46,21.38,41.42,200,28,7.71,54.89,srv-1
2026-06-01 20:18:53.478005862,checkout,579.38,59.89,45.99,200,70,15.65,29.21,srv-1
2026-06-01 20:22:52.902666696,login,112.59,72.93,45.36,200,70,19.03,101.14,srv-1
2026-06-01 20:23:29.534554528,home,96.77,86.85,65.8,200,55,2.73,30.77,srv-2
2026-06-01 20:25:38.208419056,login,163.93,39.36,64.43,200,57,19.21,33.93,srv-2
2026-06-01 20:27:08.481627521,checkout,621.42,60.06,59.87,200,87,24.34,41.33,srv-3
2026-06-01 20:28:20.016952379,view_product,234.05,57.6,65.72,200,97,21.07,210.53,srv-3
2026-06-01 20:31:51.794458551,search,297.31,51.49,46.21,200,16,34.01,99.76,srv-3
2026-06-01 20:32:12.174844383,view_product,200.05,45.22,58.49,200,24,19.74,143.68,srv-2
2026-06-01 20:33:20.722278671,checkout,1437.01,67.22,53.75,200,69,9.31,18.4,srv-1
2026-06-01 20:36:06.861759236,view_product,351.7,5.0,63.47,200,41,22.64,25.49,srv-1
2026-06-01 20:39:27.122393348,checkout,507.63,62.35,53.85,200,77,9.05,121.89,srv-1
2026-06-01 20:40:58.277655567,search,481.31,52.08,51.15,200,47,12.7,18.99,srv-2
2026-06-01 20:41:48.224435718,view_product,292.25,43.92,60.41,200,76,18.47,36.49,srv-1
2026-06-01 20:42:52.135995651,search,240.86,84.25,63.76,200,69,15.24,187.39,srv-3
2026-06-01 20:45:12.013308436,view_product,293.01,35.78,48.32,200,31,23.94,30.63,srv-3
2026-06-01 20:46:19.815677239,view_product,376.87,41.51,54.39,200,92,42.28,18.31,srv-1
2026-06-01 20:47:07.920052835,view_product,148.52,82.33,44.42,200,92,6.9,56.18,srv-3
2026-06-01 20:47:17.618994954,view_product,159.57,31.62,30.02,200,30,10.34,18.77,srv-1
2026-06-01 20:48:35.048325320,login,228.46,37.38,57.0,200,18,14.27,114.7,srv-1
2026-06-01 20:50:35.633117579,search,395.89,46.31,61.09,200,44,9.66,31.92,srv-3
2026-06-01 20:50:46.964675569,payment,1212.9,72.26,57.62,200,27,11.73,28.3,srv-3
2026-06-01 20:52:39.045682167,checkout,901.28,57.75,35.5,200,99,17.96,55.57,srv-3
2026-06-01 20:54:54.194992218,home,103.19,22.76,51.49,200,26,16.8,42.83,srv-3
2026-06-01 20:55:51.505732774,login,100.58,36.43,32.82,200,60,13.79,63.52,srv-1
2026-06-01 20:57:57.193122825,home,129.85,35.37,68.7,200,18,13.12,74.66,srv-3
2026-06-01 20:58:24.102701401,view_product,331.29,46.92,44.14,200,97,10.89,47.92,srv-3
2026-06-01 21:02:22.871269681,view_product,203.03,54.7,67.55,200,89,24.59,27.2,srv-2
2026-06-01 21:02:32.551016215,login,157.58,54.1,64.46,200,56,27.99,84.63,srv-3
2026-06-01 21:03:10.126726252,search,210.65,15.14,45.99,200,31,20.28,36.02,srv-3
2026-06-01 21:03:22.120132116,view_product,263.38,66.78,43.67,200,59,6.86,32.41,srv-1
2026-06-01 21:03:25.033414575,view_product,268.77,52.23,58.5,200,2,10.69,59.48,srv-1
2026-06-01 21:03:33.581968737,search,352.25,73.44,46.56,200,97,13.46,17.16,srv-2
2026-06-01 21:17:24.267056506,search,533.59,58.33,56.02,200,39,7.61,69.03,srv-3
2026-06-01 21:17:35.180958594,search,320.27,68.03,50.17,200,61,12.67,61.4,srv-3
2026-06-01 21:18:17.641390317,search,438.66,57.78,37.19,200,63,12.32,107.03,srv-3
2026-06-01 21:21:36.461533037,search,251.95,71.75,32.7,200,96,20.95,40.44,srv-3
2026-06-01 21:21:58.790928175,view_product,218.19,56.58,57.27,200,18,9.5,120.89,srv-3
2026-06-01 21:22:21.557055926,checkout,752.64,50.76,49.38,200,17,21.79,75.02,srv-3
2026-06-01 21:23:14.765023513,view_product,238.05,88.28,49.47,200,98,7.55,53.73,srv-2
2026-06-01 21:24:32.822367302,view_product,193.31,62.94,61.96,200,39,8.09,162.39,srv-3
2026-06-01 21:25:17.097469534,login,152.8,56.86,66.73,200,71,10.08,57.81,srv-3
2026-06-01 21:25:26.835837050,search,480.69,26.83,52.27,200,54,12.48,40.0,srv-3
2026-06-01 21:27:12.319175602,home,77.24,22.58,51.59,200,99,3.64,58.81,srv-2
2026-06-01 21:28:09.312403649,login,91.18,51.18,60.0,200,94,15.33,39.51,srv-3
2026-06-01 21:28:33.083076948,view_product,405.85,51.68,41.43,200,76,28.64,68.32,srv-2
2026-06-01 21:29:05.870776174,payment,1621.76,50.16,57.23,200,35,16.87,120.59,srv-1
2026-06-01 21:29:33.206942071,home,57.26,48.11,60.52,200,11,10.96,54.34,srv-3
2026-06-01 21:30:22.288313389,search,458.29,78.18,61.8,200,61,7.08,57.63,srv-2
2026-06-01 21:30:43.414720224,view_product,184.49,59.36,35.63,200,44,4.92,88.12,srv-1
2026-06-01 21:31:20.532687723,login,175.46,26.22,47.39,200,68,5.36,111.31,srv-2
2026-06-01 21:31:22.518615879,search,399.05,46.98,46.22,200,25,11.41,41.61,srv-2
2026-06-01 21:31:50.326459902,view_product,202.67,32.54,56.0,200,48,34.93,60.55,srv-1
2026-06-01 21:31:59.441487167,view_product,167.22,39.69,59.81,200,32,3.13,88.35,srv-3
2026-06-01 21:33:11.890607677,login,125.65,38.81,69.97,200,84,17.29,66.55,srv-3
2026-06-01 21:33:55.081888739,search,261.24,39.01,50.05,200,95,8.68,17.86,srv-2
2026-06-01 21:35:23.243130922,view_product,164.43,24.05,50.02,200,4,10.3,98.46,srv-1
2026-06-01 21:36:01.610655676,search,351.63,46.22,66.5,200,38,7.62,74.72,srv-3
2026-06-01 21:36:36.120138911,home,70.06,35.61,57.97,200,63,6.15,77.97,srv-2
2026-06-01 21:37:40.052106421,view_product,279.32,5.0,67.68,200,47,12.97,26.7,srv-1
2026-06-01 21:39:40.571137114,home,151.46,83.47,57.89,200,1,13.89,59.83,srv-2
2026-06-01 21:41:59.311204259,view_product,179.58,66.39,43.43,200,3,17.02,90.56,srv-1
2026-06-01 21:43:42.295465003,login,173.98,39.97,41.67,200,86,5.25,32.19,srv-3
2026-06-01 21:43:45.002762624,payment,1191.11,57.25,39.48,200,62,18.86,37.63,srv-3
2026-06-01 21:45:09.018872185,search,424.67,28.16,61.62,200,64,19.03,91.5,srv-2
2026-06-01 21:45:19.190387336,search,369.7,79.22,66.89,200,17,15.06,36.59,srv-3
2026-06-01 21:46:53.743347214,home,116.72,80.32,73.49,200,78,9.87,48.18,srv-3
2026-06-01 21:47:54.172547518,search,426.19,52.08,63.43,200,62,14.21,29.35,srv-1
2026-06-01 21:48:10.128499225,checkout,518.75,68.61,66.63,200,35,11.24,162.71,srv-3
2026-06-01 21:49:25.282739606,payment,1355.55,61.71,49.2,200,13,19.77,74.62,srv-1
2026-06-01 21:51:44.108740267,search,491.1,25.85,43.44,503,35,10.14,46.84,srv-1
2026-06-01 21:55:03.983740879,search,275.6,40.34,63.5,200,43,12.86,41.87,srv-2
2026-06-01 21:56:35.416886827,view_product,222.94,49.6,59.18,200,2,5.11,26.13,srv-1
2026-06-01 21:56:45.192127916,checkout,1016.15,46.98,56.07,200,56,14.19,51.11,srv-3
2026-06-01 21:57:22.685852283,search,334.57,44.41,58.87,200,77,8.37,81.37,srv-1
2026-06-01 21:57:24.283315046,search,524.08,48.6,58.23,200,51,15.74,33.59,srv-1
2026-06-01 22:00:55.892919937,search,823.41,51.78,67.84,200,54,18.07,58.17,srv-2
2026-06-01 22:04:35.525258062,view_product,167.09,47.61,67.95,200,16,8.98,43.8,srv-3
2026-06-01 22:06:00.738658140,home,55.5,26.46,60.44,200,18,12.37,124.97,srv-3
2026-06-01 22:06:03.375405948,view_product,244.68,34.54,63.46,200,7,13.29,37.26,srv-3
2026-06-01 22:07:29.933905997,search,463.43,26.51,60.14,200,45,14.64,87.03,srv-1
2026-06-01 22:08:23.946533718,view_product,202.92,64.63,50.39,200,36,18.08,126.02,srv-3
2026-06-01 22:11:33.528619267,home,149.67,8.6,62.57,200,41,16.94,43.54,srv-3
2026-06-01 22:12:49.119515145,search,225.34,68.02,41.06,200,94,10.07,38.35,srv-1
2026-06-01 22:14:17.170813953,search,458.81,74.54,65.54,200,42,27.09,94.98,srv-2
2026-06-01 22:16:46.723807579,view_product,177.96,41.34,43.05,200,7,17.74,18.75,srv-2
2026-06-01 22:18:18.085460623,home,164.28,5.0,57.86,200,15,24.6,70.69,srv-1
2026-06-01 22:18:31.318063012,search,723.05,45.73,46.55,200,60,14.49,21.22,srv-2
2026-06-01 22:18:45.877162398,search,275.28,46.6,60.53,200,40,14.92,113.69,srv-2
2026-06-01 22:20:17.432932147,search,297.01,29.78,54.66,200,83,11.49,46.93,srv-2
2026-06-01 22:22:15.019606584,view_product,297.22,38.7,39.05,200,37,9.76,51.7,srv-3
2026-06-01 22:23:07.740961786,view_product,192.12,74.46,59.21,200,66,19.84,35.36,srv-2
2026-06-01 22:25:29.310076042,view_product,216.53,59.13,49.22,200,55,13.91,21.12,srv-3
2026-06-01 22:28:03.772487491,search,363.21,31.99,63.81,200,77,11.41,116.69,srv-2
2026-06-01 22:28:53.471026853,view_product,112.36,17.37,55.01,200,95,7.31,49.27,srv-3
2026-06-01 22:29:02.089477659,search,358.26,42.7,58.95,200,80,26.51,374.38,srv-1
2026-06-01 22:31:12.615469337,home,70.7,41.86,45.42,200,56,12.89,33.58,srv-1
2026-06-01 22:32:52.708551145,home,75.73,54.69,49.11,200,44,6.6,37.04,srv-2
2026-06-01 22:33:21.495480204,search,596.68,41.33,50.41,200,57,12.69,31.87,srv-3
2026-06-01 22:33:55.892859116,view_product,141.72,55.62,63.57,200,6,11.02,49.12,srv-1
2026-06-01 22:34:15.621688091,view_product,292.44,82.76,71.77,200,92,10.79,140.49,srv-1
2026-06-01 22:35:42.559478291,view_product,199.54,61.67,46.95,200,32,16.25,100.09,srv-1
2026-06-01 22:37:47.398418041,search,326.42,47.4,65.77,200,74,11.03,22.14,srv-1
2026-06-01 22:40:27.759061841,search,474.72,46.45,33.3,200,18,10.46,112.45,srv-2
2026-06-01 22:42:24.375928345,home,101.38,39.59,43.06,200,68,24.08,82.24,srv-3
2026-06-01 22:44:02.277085965,search,439.58,70.65,45.41,200,73,5.1,72.88,srv-1
2026-06-01 22:44:05.280542460,search,505.21,38.76,41.47,200,7,11.87,36.21,srv-2
2026-06-01 22:45:46.365721530,home,80.15,46.62,39.16,200,8,19.38,37.87,srv-1
2026-06-01 22:46:23.710418687,login,129.14,47.21,59.13,200,64,16.67,59.28,srv-1
2026-06-01 22:47:18.581884020,search,246.24,38.43,52.86,200,7,20.29,39.18,srv-1
2026-06-01 22:47:42.712508422,view_product,164.8,21.94,58.79,200,41,33.47,120.01,srv-1
2026-06-01 22:48:05.353953189,payment,2807.19,78.89,61.9,200,40,28.49,38.18,srv-2
2026-06-01 22:48:20.507370117,checkout,1236.76,56.27,57.66,200,3,6.84,16.98,srv-3
2026-06-01 22:48:35.552224214,view_product,137.11,55.38,61.58,200,17,5.44,25.01,srv-2
2026-06-01 22:48:52.457495404,search,226.61,37.66,54.3,200,66,14.35,25.98,srv-2
2026-06-01 22:49:01.716073816,view_product,260.42,69.58,43.13,200,79,6.19,46.62,srv-2
2026-06-01 22:53:39.429053023,view_product,266.45,31.88,65.58,200,93,4.65,62.16,srv-1
2026-06-01 22:53:50.008755153,home,109.06,76.91,49.11,200,52,14.27,56.39,srv-3
2026-06-01 22:55:00.360249299,search,329.27,16.84,45.64,200,22,16.18,71.99,srv-1
2026-06-01 23:03:56.475429360,view_product,210.55,54.93,53.22,200,4,28.66,46.93,srv-2
2026-06-01 23:04:06.864714386,search,403.78,57.6,45.87,200,6,17.89,47.94,srv-1
2026-06-01 23:05:31.708188200,search,370.99,34.39,50.83,200,38,31.81,156.2,srv-3
2026-06-01 23:05:55.446282998,search,165.56,54.29,58.44,500,26,14.55,112.53,srv-3
2026-06-01 23:06:12.823028172,login,147.64,69.51,58.48,200,11,6.9,69.75,srv-1
2026-06-01 23:07:02.427407668,search,267.23,7.77,46.02,200,90,18.38,94.63,srv-2
2026-06-01 23:07:36.766020511,search,382.77,57.88,50.12,200,17,23.74,17.19,srv-1
2026-06-01 23:09:38.325081586,home,255.87,5.0,65.74,200,88,14.81,33.33,srv-2
2026-06-01 23:10:30.607657641,home,102.35,28.64,59.96,200,92,25.16,42.13,srv-3
2026-06-01 23:11:58.976365373,view_product,197.14,76.3,75.75,200,99,11.45,33.57,srv-1
2026-06-01 23:15:47.739077490,search,497.07,39.5,66.8,200,31,16.01,21.6,srv-3
2026-06-01 23:16:02.245434991,search,426.26,28.13,66.44,200,77,11.17,70.27,srv-2
2026-06-01 23:16:12.111838857,search,417.02,45.61,41.12,200,35,40.03,125.39,srv-2
2026-06-01 23:16:37.530627540,checkout,989.31,92.12,62.64,200,16,18.55,54.18,srv-1
2026-06-01 23:16:40.211226796,search,739.44,19.42,54.47,200,79,6.97,80.55,srv-1
2026-06-01 23:16:40.603971181,search,242.33,28.5,49.49,200,18,30.76,53.22,srv-1
2026-06-01 23:19:21.971947091,checkout,944.24,81.4,56.68,200,62,8.44,41.89,srv-3
2026-06-01 23:21:08.111930611,view_product,159.08,80.03,64.45,200,27,12.27,94.78,srv-2
2026-06-01 23:23:07.711382356,login,194.34,45.08,60.01,200,35,15.4,23.18,srv-2
2026-06-01 23:25:13.619665562,view_product,159.51,24.29,46.22,200,45,16.04,17.85,srv-3
2026-06-01 23:31:14.814504665,search,311.07,85.84,62.42,400,35,15.52,22.98,srv-1
2026-06-01 23:34:37.512500903,search,324.67,76.95,48.62,200,28,6.91,91.12,srv-1
2026-06-01 23:37:32.348412786,home,126.64,58.49,57.17,200,9,15.54,57.53,srv-3
2026-06-01 23:38:10.279590345,home,124.12,31.62,51.97,200,76,21.12,68.44,srv-2
2026-06-01 23:39:20.199235155,view_product,142.26,45.54,52.81,200,15,20.82,149.33,srv-2
2026-06-01 23:39:50.491914296,search,366.99,45.78,62.66,200,21,6.35,27.17,srv-2
2026-06-01 23:40:08.608323037,search,280.83,53.76,44.6,200,52,8.78,112.45,srv-2
2026-06-01 23:40:34.917495713,view_product,141.62,72.53,74.45,200,35,7.23,43.04,srv-3
2026-06-01 23:40:45.659582501,view_product,203.91,62.87,36.79,200,97,14.44,39.29,srv-2
2026-06-01 23:41:07.031322284,login,143.62,27.04,49.02,200,51,5.61,57.32,srv-3
2026-06-01 23:41:40.657572811,view_product,514.39,74.92,58.7,200,83,6.95,62.97,srv-1
2026-06-01 23:45:32.564078491,home,104.73,51.68,60.84,200,55,8.74,48.12,srv-3
2026-06-01 23:45:40.652649008,view_product,135.84,58.73,54.0,200,87,4.96,78.74,srv-2
2026-06-01 23:46:19.644268858,view_product,180.54,73.2,54.43,200,77,12.01,57.46,srv-1
2026-06-01 23:49:52.158384707,payment,1429.73,39.29,59.11,200,44,4.25,48.44,srv-3
2026-06-01 23:55:09.422723185,home,186.94,46.22,52.69,200,65,15.53,42.53,srv-3
2026-06-01 23:55:29.935359489,home,51.66,35.95,68.93,200,93,9.99,62.99,srv-3
2026-06-01 23:59:35.606971921,search,186.44,18.64,63.39,200,88,8.92,24.19,srv-1
